{
"type": "FeatureCollection",
"name": "Bus_Stands",
"crs": { "type": "name", "properties": { "name": "urn:ogc:def:crs:OGC:1.3:CRS84" } },
"features": [
{ "type": "Feature", "properties": { "STAND_CODE": "28/200360", "STAND_NAME": "Alperton Station", "CALMS_NO": "360", "DESCRIPTION": "Ealing Road\nWembly\nHillingdon HA0 4LU", "AUTHORITY": "Brent", "AVAILABILITY": null, "CHECKED": null, "OTHER_INFO": "Surface General", "STAND_LENGTH": null, "STAND_STATUS": null, "STAND_FROM": null, "STAND_WITHDRAWN": null, "OS_EASTING": 518111, "OS_NORTHING": "183772", "TRANSIT_NODE_NAME": null, "DATE_UPDATED": "20240430", "OBJECTID": 2103 }, "geometry": { "type": "Point", "coordinates": [ -0.298278807929295, 51.540500208489 ] } },
{ "type": "Feature", "properties": { "STAND_CODE": "19/200230", "STAND_NAME": "Anerley", "CALMS_NO": "230", "DESCRIPTION": "333 Station Hill\nAnerley\nBromley SE20 8PY", "AUTHORITY": "Bromley", "AVAILABILITY": null, "CHECKED": null, "OTHER_INFO": "ABM, CCTV, Equans, Vinci & Surface General", "STAND_LENGTH": null, "STAND_STATUS": "Freehold (", "STAND_FROM": null, "STAND_WITHDRAWN": null, "OS_EASTING": 534709, "OS_NORTHING": "169943", "TRANSIT_NODE_NAME": null, "DATE_UPDATED": "20240430", "OBJECTID": 2104 }, "geometry": { "type": "Point", "coordinates": [ -0.064348959501035, 51.412512290061997 ] } },
{ "type": "Feature", "properties": { "STAND_CODE": "32/200287", "STAND_NAME": "Arnos Grove Station", "CALMS_NO": "287", "DESCRIPTION": "329 Bowes Road\nNew Southgate\nEnfield N11 1BA", "AUTHORITY": "Enfield", "AVAILABILITY": null, "CHECKED": null, "OTHER_INFO": "ABM, Equans, Vinci & Surface General", "STAND_LENGTH": null, "STAND_STATUS": "Lease/Lice", "STAND_FROM": null, "STAND_WITHDRAWN": null, "OS_EASTING": 529322, "OS_NORTHING": "192445", "TRANSIT_NODE_NAME": null, "DATE_UPDATED": "20240430", "OBJECTID": 2105 }, "geometry": { "type": "Point", "coordinates": [ -0.133518074707486, 51.615987313031603 ] } },
{ "type": "Feature", "properties": { "STAND_CODE": "25/200630", "STAND_NAME": "Ashford Hospital", "CALMS_NO": "630", "DESCRIPTION": "London Rd Ashford\nMiddlesex TW15 3AA", "AUTHORITY": "Hounslow", "AVAILABILITY": null, "CHECKED": null, "OTHER_INFO": "Surface General", "STAND_LENGTH": null, "STAND_STATUS": "Freehold (", "STAND_FROM": null, "STAND_WITHDRAWN": null, "OS_EASTING": 506234, "OS_NORTHING": "172700", "TRANSIT_NODE_NAME": null, "DATE_UPDATED": "20240430", "OBJECTID": 2106 }, "geometry": { "type": "Point", "coordinates": [ -0.472800639477361, 51.443338484989397 ] } },
{ "type": "Feature", "properties": { "STAND_CODE": "14/200292", "STAND_NAME": "Barkingside, Tesco", "CALMS_NO": "292", "DESCRIPTION": "796 Cranbrook Road\nRedbridge\nIlford IG6 1HY", "AUTHORITY": "Redbridge", "AVAILABILITY": null, "CHECKED": null, "OTHER_INFO": "ABM, Vinci & Surface General", "STAND_LENGTH": null, "STAND_STATUS": "Lease/Lice", "STAND_FROM": null, "STAND_WITHDRAWN": null, "OS_EASTING": 543923, "OS_NORTHING": "189178", "TRANSIT_NODE_NAME": null, "DATE_UPDATED": "20240430", "OBJECTID": 2107 }, "geometry": { "type": "Point", "coordinates": [ 0.075890744077302, 51.583090232678003 ] } },
{ "type": "Feature", "properties": { "STAND_CODE": "30/200361", "STAND_NAME": "Barnet General Hospital", "CALMS_NO": "361", "DESCRIPTION": "Welhouse Lane\nBarnet EN5 3DN", "AUTHORITY": "Barnet", "AVAILABILITY": null, "CHECKED": null, "OTHER_INFO": "ABM, Vinci & Surface General", "STAND_LENGTH": null, "STAND_STATUS": "Freehold (", "STAND_FROM": null, "STAND_WITHDRAWN": null, "OS_EASTING": 523556, "OS_NORTHING": "196258", "TRANSIT_NODE_NAME": null, "DATE_UPDATED": "20240430", "OBJECTID": 2108 }, "geometry": { "type": "Point", "coordinates": [ -0.215410291139972, 51.651548619594699 ] } },
{ "type": "Feature", "properties": { "STAND_CODE": "30/200594", "STAND_NAME": "Barnet Red Lion", "CALMS_NO": "594", "DESCRIPTION": "Fitzjohn Avenue EN5 2HE", "AUTHORITY": "Barnet", "AVAILABILITY": null, "CHECKED": null, "OTHER_INFO": "ABM, Vinci & Surface General", "STAND_LENGTH": null, "STAND_STATUS": "Lease/Lice", "STAND_FROM": null, "STAND_WITHDRAWN": null, "OS_EASTING": 524698, "OS_NORTHING": "196388", "TRANSIT_NODE_NAME": null, "DATE_UPDATED": "20240430", "OBJECTID": 2109 }, "geometry": { "type": "Point", "coordinates": [ -0.198865289928073, 51.6524649798274 ] } },
{ "type": "Feature", "properties": { "STAND_CODE": "25/200362", "STAND_NAME": "Barratt Homes GWQ Bus Stand", "CALMS_NO": "362", "DESCRIPTION": "Ealiing Road Trading Estate\nBrentford\nHounslow TW8 0QY", "AUTHORITY": "Hounslow", "AVAILABILITY": null, "CHECKED": null, "OTHER_INFO": "ABM, Vinci & Surface General", "STAND_LENGTH": null, "STAND_STATUS": "Lease/Lice", "STAND_FROM": null, "STAND_WITHDRAWN": null, "OS_EASTING": 518035, "OS_NORTHING": "178199", "TRANSIT_NODE_NAME": null, "DATE_UPDATED": "20240430", "OBJECTID": 2110 }, "geometry": { "type": "Point", "coordinates": [ -0.301239580110447, 51.490427941895398 ] } },
{ "type": "Feature", "properties": { "STAND_CODE": "13/200355", "STAND_NAME": "Beacontree Avenue", "CALMS_NO": "355", "DESCRIPTION": "Beacontree Avenue\nWalthamstow E17 4BT", "AUTHORITY": "Waltham Forest", "AVAILABILITY": null, "CHECKED": null, "OTHER_INFO": "ABM, Equans, Vinci & Surface General", "STAND_LENGTH": null, "STAND_STATUS": "TBC", "STAND_FROM": null, "STAND_WITHDRAWN": null, "OS_EASTING": 538979, "OS_NORTHING": "190210", "TRANSIT_NODE_NAME": null, "DATE_UPDATED": "20240430", "OBJECTID": 2111 }, "geometry": { "type": "Point", "coordinates": [ 0.004989414218726, 51.593603510332201 ] } },
{ "type": "Feature", "properties": { "STAND_CODE": "19/200631", "STAND_NAME": "Beckenham Junction Station", "CALMS_NO": "631", "DESCRIPTION": "Station Approach off Rectory Road BR3 1HY", "AUTHORITY": "Bromley", "AVAILABILITY": null, "CHECKED": null, "OTHER_INFO": "Surface General", "STAND_LENGTH": null, "STAND_STATUS": null, "STAND_FROM": null, "STAND_WITHDRAWN": null, "OS_EASTING": 537427, "OS_NORTHING": "169812", "TRANSIT_NODE_NAME": null, "DATE_UPDATED": "20240430", "OBJECTID": 2112 }, "geometry": { "type": "Point", "coordinates": [ -0.025341351609431, 51.410683427897403 ] } },
{ "type": "Feature", "properties": { "STAND_CODE": "17/200632", "STAND_NAME": "Beckton Showcase Cinema", "CALMS_NO": "632", "DESCRIPTION": "Beckton Showcase Cinema IG11 0AD", "AUTHORITY": "Newham", "AVAILABILITY": null, "CHECKED": null, "OTHER_INFO": "Surface General", "STAND_LENGTH": null, "STAND_STATUS": null, "STAND_FROM": null, "STAND_WITHDRAWN": null, "OS_EASTING": 544334, "OS_NORTHING": "182809", "TRANSIT_NODE_NAME": null, "DATE_UPDATED": "20240430", "OBJECTID": 2113 }, "geometry": { "type": "Point", "coordinates": [ 0.079207648348401, 51.525756581273598 ] } },
{ "type": "Feature", "properties": { "STAND_CODE": "17/200307", "STAND_NAME": "Beckton, District Centre (Asda)", "CALMS_NO": "307", "DESCRIPTION": "1 Woolwich Manor Way\nBecton\nNewham E6 5PA", "AUTHORITY": "Newham", "AVAILABILITY": null, "CHECKED": null, "OTHER_INFO": "ABM, CCTV, Equans, Vinci & Surface General", "STAND_LENGTH": null, "STAND_STATUS": "Freehold (", "STAND_FROM": null, "STAND_WITHDRAWN": null, "OS_EASTING": 543086, "OS_NORTHING": "181459", "TRANSIT_NODE_NAME": null, "DATE_UPDATED": "20240430", "OBJECTID": 2114 }, "geometry": { "type": "Point", "coordinates": [ 0.060682638831579, 51.513943094134902 ] } },
{ "type": "Feature", "properties": { "STAND_CODE": "17/200633", "STAND_NAME": "Beckton, Savacentre", "CALMS_NO": "633", "DESCRIPTION": "Claps Gate Lane (Sainsburys) E6 6JF", "AUTHORITY": "Newham", "AVAILABILITY": null, "CHECKED": null, "OTHER_INFO": "Surface General", "STAND_LENGTH": null, "STAND_STATUS": null, "STAND_FROM": null, "STAND_WITHDRAWN": null, "OS_EASTING": 543575, "OS_NORTHING": "182240", "TRANSIT_NODE_NAME": null, "DATE_UPDATED": "20240430", "OBJECTID": 2115 }, "geometry": { "type": "Point", "coordinates": [ 0.068042700887088, 51.520836996267597 ] } },
{ "type": "Feature", "properties": { "STAND_CODE": "16/200293", "STAND_NAME": "Becontree Heath", "CALMS_NO": "293", "DESCRIPTION": "Britainia Pharmacy 420 Wood Lane\nDagenham\nBarking RM10 7AE", "AUTHORITY": "Barking & Dagenham", "AVAILABILITY": null, "CHECKED": null, "OTHER_INFO": "ABM, CCTV, Equans, Vinci & Surface General", "STAND_LENGTH": null, "STAND_STATUS": "Freehold (", "STAND_FROM": null, "STAND_WITHDRAWN": null, "OS_EASTING": 549200, "OS_NORTHING": "186855", "TRANSIT_NODE_NAME": null, "DATE_UPDATED": "20240430", "OBJECTID": 2116 }, "geometry": { "type": "Point", "coordinates": [ 0.151012523748945, 51.560847247298803 ] } },
{ "type": "Feature", "properties": { "STAND_CODE": "18/200246", "STAND_NAME": "Bexleyheath, Friswell Place", "CALMS_NO": "246", "DESCRIPTION": "17845 Arnsburg Way\nBexleyheath\nBexley DA7 4HT", "AUTHORITY": "Bexley", "AVAILABILITY": null, "CHECKED": null, "OTHER_INFO": "ABM, CCTV, Equans, Vinci & Surface General", "STAND_LENGTH": null, "STAND_STATUS": "Lease/Lice", "STAND_FROM": null, "STAND_WITHDRAWN": null, "OS_EASTING": 549231, "OS_NORTHING": "175455", "TRANSIT_NODE_NAME": null, "DATE_UPDATED": "20240430", "OBJECTID": 2117 }, "geometry": { "type": "Point", "coordinates": [ 0.146638391896724, 51.458407345639699 ] } },
{ "type": "Feature", "properties": { "STAND_CODE": "18/200247", "STAND_NAME": "Bexleyheath, Geddes Place", "CALMS_NO": "247", "DESCRIPTION": "Geddes Place\nBexleyheath\nBexley DA7 4JB ", "AUTHORITY": "Bexley", "AVAILABILITY": null, "CHECKED": null, "OTHER_INFO": "ABM, Vinci & Surface General", "STAND_LENGTH": null, "STAND_STATUS": "Freehold (", "STAND_FROM": null, "STAND_WITHDRAWN": null, "OS_EASTING": 549327, "OS_NORTHING": "175283", "TRANSIT_NODE_NAME": null, "DATE_UPDATED": "20240430", "OBJECTID": 2118 }, "geometry": { "type": "Point", "coordinates": [ 0.147946516219752, 51.456836589518701 ] } },
{ "type": "Feature", "properties": { "STAND_CODE": "05/200294", "STAND_NAME": "Blackwall Station (JCD)", "CALMS_NO": "294", "DESCRIPTION": "Ditchburn Street\nTower Hamlets\nPoplar E14 9QE", "AUTHORITY": "Tower Hamlets", "AVAILABILITY": null, "CHECKED": null, "OTHER_INFO": "ABM, Vinci & Surface General", "STAND_LENGTH": null, "STAND_STATUS": "Freehold (", "STAND_FROM": null, "STAND_WITHDRAWN": null, "OS_EASTING": 538395, "OS_NORTHING": "180715", "TRANSIT_NODE_NAME": null, "DATE_UPDATED": "20240430", "OBJECTID": 2119 }, "geometry": { "type": "Point", "coordinates": [ -0.007167634403179, 51.508425380276897 ] } },
{ "type": "Feature", "properties": { "STAND_CODE": "18/200634", "STAND_NAME": "Bluewater", "CALMS_NO": "634", "DESCRIPTION": "Hythe Kent DA9 9ST", "AUTHORITY": "Bexley", "AVAILABILITY": null, "CHECKED": null, "OTHER_INFO": "Surface General", "STAND_LENGTH": null, "STAND_STATUS": null, "STAND_FROM": null, "STAND_WITHDRAWN": null, "OS_EASTING": 558385, "OS_NORTHING": "173436", "TRANSIT_NODE_NAME": null, "DATE_UPDATED": "20240430", "OBJECTID": 2120 }, "geometry": { "type": "Point", "coordinates": [ 0.277389301742043, 51.4377821577879 ] } },
{ "type": "Feature", "properties": { "STAND_CODE": "30/200709", "STAND_NAME": "Borehamwood Interchange", "CALMS_NO": "709", "DESCRIPTION": "Station Road\nElstree (just off Allum Lane NR Station)\nBorehamwood\nHertfordshire WD6 1SL", "AUTHORITY": "Barnet", "AVAILABILITY": null, "CHECKED": null, "OTHER_INFO": "Surface General", "STAND_LENGTH": null, "STAND_STATUS": null, "STAND_FROM": null, "STAND_WITHDRAWN": null, "OS_EASTING": 519108, "OS_NORTHING": "196381", "TRANSIT_NODE_NAME": null, "DATE_UPDATED": "20240430", "OBJECTID": 2121 }, "geometry": { "type": "Point", "coordinates": [ -0.27963207371302, 51.653613896927801 ] } },
{ "type": "Feature", "properties": { "STAND_CODE": "28/200364", "STAND_NAME": "Brent Park Tesco", "CALMS_NO": "364", "DESCRIPTION": "Great Central Way\nWembley NW10 0TL", "AUTHORITY": "Brent", "AVAILABILITY": null, "CHECKED": null, "OTHER_INFO": "ABM, CCTV, Equans, Vinci & Surface General", "STAND_LENGTH": null, "STAND_STATUS": "Lease/Lice", "STAND_FROM": null, "STAND_WITHDRAWN": null, "OS_EASTING": 520630, "OS_NORTHING": "185267", "TRANSIT_NODE_NAME": null, "DATE_UPDATED": "20240430", "OBJECTID": 2122 }, "geometry": { "type": "Point", "coordinates": [ -0.261461365313975, 51.5534045727468 ] } },
{ "type": "Feature", "properties": { "STAND_CODE": "25/200365", "STAND_NAME": "Brentford, Albany Road ", "CALMS_NO": "365", "DESCRIPTION": "Back Lane and Albany Road\nBrentford\nHounslow TW8 0NB", "AUTHORITY": "Hounslow", "AVAILABILITY": null, "CHECKED": null, "OTHER_INFO": "ABM, CCTV, Vinci & Surface General", "STAND_LENGTH": null, "STAND_STATUS": "Freehold (", "STAND_FROM": null, "STAND_WITHDRAWN": null, "OS_EASTING": 517827, "OS_NORTHING": "177550", "TRANSIT_NODE_NAME": null, "DATE_UPDATED": "20240430", "OBJECTID": 2123 }, "geometry": { "type": "Point", "coordinates": [ -0.304450554367733, 51.484638141130802 ] } },
{ "type": "Feature", "properties": { "STAND_CODE": "32/200295", "STAND_NAME": "Brimsdown", "CALMS_NO": "295", "DESCRIPTION": "241 Green Street\nEnfield Highway\nEnfield EN3 7TZ", "AUTHORITY": "Enfield", "AVAILABILITY": null, "CHECKED": null, "OTHER_INFO": "ABM, Vinci & Surface General", "STAND_LENGTH": null, "STAND_STATUS": "Freehold (", "STAND_FROM": null, "STAND_WITHDRAWN": null, "OS_EASTING": 536102, "OS_NORTHING": "196934", "TRANSIT_NODE_NAME": null, "DATE_UPDATED": "20240430", "OBJECTID": 2124 }, "geometry": { "type": "Point", "coordinates": [ -0.033907439542962, 51.654727652920201 ] } },
{ "type": "Feature", "properties": { "STAND_CODE": "19/200235", "STAND_NAME": "Bromley North Station", "CALMS_NO": "235", "DESCRIPTION": "5 Northside Road\nBromley BR1 3WA", "AUTHORITY": "Bromley", "AVAILABILITY": null, "CHECKED": null, "OTHER_INFO": "ABM, CCTV, Equans, Vinci & Surface General", "STAND_LENGTH": null, "STAND_STATUS": "Freehold (", "STAND_FROM": null, "STAND_WITHDRAWN": null, "OS_EASTING": 540372, "OS_NORTHING": "169693", "TRANSIT_NODE_NAME": null, "DATE_UPDATED": "20240430", "OBJECTID": 2125 }, "geometry": { "type": "Point", "coordinates": [ 0.016928564861766, 51.408893670936301 ] } },
{ "type": "Feature", "properties": { "STAND_CODE": "14/200637", "STAND_NAME": "Buckhurst Hill Station", "CALMS_NO": "637", "DESCRIPTION": "Victoria Road IG9 5ER", "AUTHORITY": "Redbridge", "AVAILABILITY": null, "CHECKED": null, "OTHER_INFO": "Surface General", "STAND_LENGTH": null, "STAND_STATUS": null, "STAND_FROM": null, "STAND_WITHDRAWN": null, "OS_EASTING": 541695, "OS_NORTHING": "193816", "TRANSIT_NODE_NAME": null, "DATE_UPDATED": "20240430", "OBJECTID": 2126 }, "geometry": { "type": "Point", "coordinates": [ 0.045628082048279, 51.625329774579001 ] } },
{ "type": "Feature", "properties": { "STAND_CODE": "25/200366", "STAND_NAME": "Bulls Bridge Tesco", "CALMS_NO": "366", "DESCRIPTION": "Bulls Bridge Industrial Estate\nHayes Road\nSouthall UB2 5LN", "AUTHORITY": "Hounslow", "AVAILABILITY": null, "CHECKED": null, "OTHER_INFO": "Vinci & Surface General", "STAND_LENGTH": null, "STAND_STATUS": "Lease/Lice", "STAND_FROM": null, "STAND_WITHDRAWN": null, "OS_EASTING": 510751, "OS_NORTHING": "178953", "TRANSIT_NODE_NAME": null, "DATE_UPDATED": "20240430", "OBJECTID": 2127 }, "geometry": { "type": "Point", "coordinates": [ -0.405875668804241, 51.4986772387279 ] } },
{ "type": "Feature", "properties": { "STAND_CODE": "32/200638", "STAND_NAME": "Carterhatch Lane", "CALMS_NO": "638", "DESCRIPTION": "Carterhatch Lane EN1 4LF", "AUTHORITY": "Enfield", "AVAILABILITY": null, "CHECKED": null, "OTHER_INFO": "Surface General", "STAND_LENGTH": null, "STAND_STATUS": null, "STAND_FROM": null, "STAND_WITHDRAWN": null, "OS_EASTING": 534266, "OS_NORTHING": "197472", "TRANSIT_NODE_NAME": null, "DATE_UPDATED": "20240430", "OBJECTID": 2128 }, "geometry": { "type": "Point", "coordinates": [ -0.060225111691313, 51.6600039316288 ] } },
{ "type": "Feature", "properties": { "STAND_CODE": "02/200639", "STAND_NAME": "Chalk Farm Morrisons Bus Stand", "CALMS_NO": "639", "DESCRIPTION": "Chalk Farm Road 86 Juniper Cres London NW1 8HQ", "AUTHORITY": "Camden", "AVAILABILITY": null, "CHECKED": null, "OTHER_INFO": "Surface General", "STAND_LENGTH": null, "STAND_STATUS": null, "STAND_FROM": null, "STAND_WITHDRAWN": null, "OS_EASTING": 528374, "OS_NORTHING": "184198", "TRANSIT_NODE_NAME": null, "DATE_UPDATED": "20240430", "OBJECTID": 2129 }, "geometry": { "type": "Point", "coordinates": [ -0.15021431807562, 51.542090707274198 ] } },
{ "type": "Feature", "properties": { "STAND_CODE": "23/200251", "STAND_NAME": "Chessington World of Adventure", "CALMS_NO": "251", "DESCRIPTION": "Leatherhead Road\nChessington\nKingston KT9 2NX", "AUTHORITY": "Kingston Upon Thames", "AVAILABILITY": null, "CHECKED": null, "OTHER_INFO": "ABM,Equans, Vinci & Surface General", "STAND_LENGTH": null, "STAND_STATUS": "Lease/Lice", "STAND_FROM": null, "STAND_WITHDRAWN": null, "OS_EASTING": 517525, "OS_NORTHING": "162563", "TRANSIT_NODE_NAME": null, "DATE_UPDATED": "20240430", "OBJECTID": 2130 }, "geometry": { "type": "Point", "coordinates": [ -0.313760025881818, 51.3500003890288 ] } },
{ "type": "Feature", "properties": { "STAND_CODE": "13/200300", "STAND_NAME": "Chingford, 150-152 Station Road", "CALMS_NO": "300", "DESCRIPTION": "150 Station Road\nChingford\nWaltham Forest E4 6ED", "AUTHORITY": "Waltham Forest", "AVAILABILITY": null, "CHECKED": null, "OTHER_INFO": "ABM, CCTV, Equans, Vinci & Surface General", "STAND_LENGTH": null, "STAND_STATUS": "Freehold (", "STAND_FROM": null, "STAND_WITHDRAWN": null, "OS_EASTING": 539214, "OS_NORTHING": "194671", "TRANSIT_NODE_NAME": null, "DATE_UPDATED": "20240430", "OBJECTID": 2131 }, "geometry": { "type": "Point", "coordinates": [ 0.010149751865517, 51.633630868952203 ] } },
{ "type": "Feature", "properties": { "STAND_CODE": "13/200301", "STAND_NAME": "Chingford, Yardley Lane", "CALMS_NO": "301", "DESCRIPTION": "6 Thwe Borders Sewardstone Road\nStewardstone\nWaltham Forest E4 7PL", "AUTHORITY": "Waltham Forest", "AVAILABILITY": null, "CHECKED": null, "OTHER_INFO": "ABM, Vinci & Surface General", "STAND_LENGTH": null, "STAND_STATUS": "Freehold (", "STAND_FROM": null, "STAND_WITHDRAWN": null, "OS_EASTING": 537756, "OS_NORTHING": "196059", "TRANSIT_NODE_NAME": null, "DATE_UPDATED": "20240430", "OBJECTID": 2132 }, "geometry": { "type": "Point", "coordinates": [ -0.010357385772666, 51.6464618223185 ] } },
{ "type": "Feature", "properties": { "STAND_CODE": "25/200367", "STAND_NAME": "Chiswick Park, Gunnersbury", "CALMS_NO": "367", "DESCRIPTION": "566 Chiswick High Road\nChiswick\nHounslow W4 5XU", "AUTHORITY": "Hounslow", "AVAILABILITY": null, "CHECKED": null, "OTHER_INFO": "ABM,Equans, Vinci & Surface General", "STAND_LENGTH": null, "STAND_STATUS": "Lease/Lice", "STAND_FROM": null, "STAND_WITHDRAWN": null, "OS_EASTING": 519985, "OS_NORTHING": "178499", "TRANSIT_NODE_NAME": null, "DATE_UPDATED": "20240430", "OBJECTID": 2133 }, "geometry": { "type": "Point", "coordinates": [ -0.273063812445714, 51.492714381984499 ] } },
{ "type": "Feature", "properties": { "STAND_CODE": "25/200640", "STAND_NAME": "Chiswick, Edensor road", "CALMS_NO": "640", "DESCRIPTION": "Fusion Lifestyle\nEdensor Road Chiswick, London W4 2RG", "AUTHORITY": "Hounslow", "AVAILABILITY": null, "CHECKED": null, "OTHER_INFO": "Surface General", "STAND_LENGTH": null, "STAND_STATUS": null, "STAND_FROM": null, "STAND_WITHDRAWN": null, "OS_EASTING": 521113, "OS_NORTHING": "177316", "TRANSIT_NODE_NAME": null, "DATE_UPDATED": "20240430", "OBJECTID": 2134 }, "geometry": { "type": "Point", "coordinates": [ -0.257228909750495, 51.4818418829623 ] } },
{ "type": "Feature", "properties": { "STAND_CODE": "09/200641", "STAND_NAME": "Clapham Common Old Town", "CALMS_NO": "641", "DESCRIPTION": "32 Old Town\nLondon SW4 0LB", "AUTHORITY": "Lambeth", "AVAILABILITY": null, "CHECKED": null, "OTHER_INFO": "ABM & Surface General", "STAND_LENGTH": null, "STAND_STATUS": null, "STAND_FROM": null, "STAND_WITHDRAWN": null, "OS_EASTING": 529209, "OS_NORTHING": "175533", "TRANSIT_NODE_NAME": null, "DATE_UPDATED": "20240430", "OBJECTID": 2135 }, "geometry": { "type": "Point", "coordinates": [ -0.141351750425554, 51.464028975162996 ] } },
{ "type": "Feature", "properties": { "STAND_CODE": "10/200248", "STAND_NAME": "Clapham Junction, Grant Road", "CALMS_NO": "248", "DESCRIPTION": "150 Falcon Road\nClapham\nWansworth SW11 2NR", "AUTHORITY": "Wandsworth", "AVAILABILITY": null, "CHECKED": null, "OTHER_INFO": "ABM, CCTV, Vinci & Surface General", "STAND_LENGTH": null, "STAND_STATUS": "Freehold (", "STAND_FROM": null, "STAND_WITHDRAWN": null, "OS_EASTING": 527234, "OS_NORTHING": "175680", "TRANSIT_NODE_NAME": null, "DATE_UPDATED": "20240430", "OBJECTID": 2136 }, "geometry": { "type": "Point", "coordinates": [ -0.169714613671079, 51.4657970402681 ] } },
{ "type": "Feature", "properties": { "STAND_CODE": "10/200270", "STAND_NAME": "Clapham Junction, St Johns Hill", "CALMS_NO": "270", "DESCRIPTION": "54 St Johns Hill\nWandsworth SW11 1SX", "AUTHORITY": "Wandsworth", "AVAILABILITY": null, "CHECKED": null, "OTHER_INFO": "ABM, Vinci & Surface General", "STAND_LENGTH": null, "STAND_STATUS": "Freehold (", "STAND_FROM": null, "STAND_WITHDRAWN": null, "OS_EASTING": 527050, "OS_NORTHING": "175285", "TRANSIT_NODE_NAME": null, "DATE_UPDATED": "20240430", "OBJECTID": 2137 }, "geometry": { "type": "Point", "coordinates": [ -0.172503806047079, 51.462288434469201 ] } },
{ "type": "Feature", "properties": { "STAND_CODE": "04/200321", "STAND_NAME": "Clapton Pond, Lea Bridge Road ", "CALMS_NO": "321", "DESCRIPTION": "Lea Bridge Roundabout\nClapton\nHackney E5 8BS", "AUTHORITY": "Hackney", "AVAILABILITY": null, "CHECKED": null, "OTHER_INFO": "ABM, CCTV, Vinci & Surface General", "STAND_LENGTH": null, "STAND_STATUS": "Freehold (", "STAND_FROM": null, "STAND_WITHDRAWN": null, "OS_EASTING": 535095, "OS_NORTHING": "186282", "TRANSIT_NODE_NAME": null, "DATE_UPDATED": "20240430", "OBJECTID": 2138 }, "geometry": { "type": "Point", "coordinates": [ -0.05255569658301, 51.559249890380599 ] } },
{ "type": "Feature", "properties": { "STAND_CODE": "14/200642", "STAND_NAME": "Claybury Broadway", "CALMS_NO": "642", "DESCRIPTION": "Clayhall Avenue IG5 0PP", "AUTHORITY": "Redbridge", "AVAILABILITY": null, "CHECKED": null, "OTHER_INFO": "Surface General", "STAND_LENGTH": null, "STAND_STATUS": null, "STAND_FROM": null, "STAND_WITHDRAWN": null, "OS_EASTING": 542093, "OS_NORTHING": "189996", "TRANSIT_NODE_NAME": null, "DATE_UPDATED": "20240430", "OBJECTID": 2139 }, "geometry": { "type": "Point", "coordinates": [ 0.049827167961345, 51.590904429641199 ] } },
{ "type": "Feature", "properties": { "STAND_CODE": "14/200302", "STAND_NAME": "Clayhall, The Glade", "CALMS_NO": "302", "DESCRIPTION": "474 Fulwell Avenue\nRedbridge\nIlford IG5 0RW", "AUTHORITY": "Redbridge", "AVAILABILITY": null, "CHECKED": null, "OTHER_INFO": "ABM, Vinci & Surface General", "STAND_LENGTH": null, "STAND_STATUS": "Lease/Lice", "STAND_FROM": null, "STAND_WITHDRAWN": null, "OS_EASTING": 542842, "OS_NORTHING": "190596", "TRANSIT_NODE_NAME": null, "DATE_UPDATED": "20240430", "OBJECTID": 2140 }, "geometry": { "type": "Point", "coordinates": [ 0.06087604951782, 51.5961065993869 ] } },
{ "type": "Feature", "properties": { "STAND_CODE": "32/200303", "STAND_NAME": "Cockfosters Station", "CALMS_NO": "303", "DESCRIPTION": "87 Cockfosters Road\nEnfield\nBarnet EN4 0DZ", "AUTHORITY": "Enfield", "AVAILABILITY": null, "CHECKED": null, "OTHER_INFO": "ABM, CCTV, Vinci & Surface General", "STAND_LENGTH": null, "STAND_STATUS": "Lease/Lice", "STAND_FROM": null, "STAND_WITHDRAWN": null, "OS_EASTING": 520874, "OS_NORTHING": "196377", "TRANSIT_NODE_NAME": null, "DATE_UPDATED": "20240430", "OBJECTID": 2141 }, "geometry": { "type": "Point", "coordinates": [ -0.25411747990386, 51.653200941666299 ] } },
{ "type": "Feature", "properties": { "STAND_CODE": "15/200304", "STAND_NAME": "Cranham, Front Lane", "CALMS_NO": "304", "DESCRIPTION": "71 Front Lane\nCranham\nUpminster RM14 1XL", "AUTHORITY": "Havering", "AVAILABILITY": null, "CHECKED": null, "OTHER_INFO": "ABM, Vinci & Surface General", "STAND_LENGTH": null, "STAND_STATUS": "Freehold (", "STAND_FROM": null, "STAND_WITHDRAWN": null, "OS_EASTING": 557209, "OS_NORTHING": "187248", "TRANSIT_NODE_NAME": null, "DATE_UPDATED": "20240430", "OBJECTID": 2142 }, "geometry": { "type": "Point", "coordinates": [ 0.26663284150938, 51.562204799915101 ] } },
{ "type": "Feature", "properties": { "STAND_CODE": "05/200320", "STAND_NAME": "Crossharbour, East Ferry road ", "CALMS_NO": "320", "DESCRIPTION": "151 East Ferry Road\nTower Hamlets E14 3BQ", "AUTHORITY": "Tower Hamlets", "AVAILABILITY": null, "CHECKED": null, "OTHER_INFO": "ABM, CCTV, Equans, Vinci & Surface General", "STAND_LENGTH": null, "STAND_STATUS": "Freehold (", "STAND_FROM": null, "STAND_WITHDRAWN": null, "OS_EASTING": 537956, "OS_NORTHING": "179140", "TRANSIT_NODE_NAME": null, "DATE_UPDATED": "20240430", "OBJECTID": 2143 }, "geometry": { "type": "Point", "coordinates": [ -0.014105210715555, 51.494379195553499 ] } },
{ "type": "Feature", "properties": { "STAND_CODE": "20/200643", "STAND_NAME": "Croydon Colonnades (formerly Waterworld)", "CALMS_NO": "643", "DESCRIPTION": "611 Purley Way CR0  4JR", "AUTHORITY": "Croydon", "AVAILABILITY": null, "CHECKED": null, "OTHER_INFO": "ABM, CCTV & Surface General", "STAND_LENGTH": null, "STAND_STATUS": null, "STAND_FROM": null, "STAND_WITHDRAWN": null, "OS_EASTING": 531318, "OS_NORTHING": "163716", "TRANSIT_NODE_NAME": null, "DATE_UPDATED": "20240430", "OBJECTID": 2144 }, "geometry": { "type": "Point", "coordinates": [ -0.115381145870182, 51.357346706673503 ] } },
{ "type": "Feature", "properties": { "STAND_CODE": "16/200305", "STAND_NAME": "Dagenham Dock", "CALMS_NO": "305", "DESCRIPTION": "Chequers Lane\nDagenham\nBarking RM9 6EG", "AUTHORITY": "Barking & Dagenham", "AVAILABILITY": null, "CHECKED": null, "OTHER_INFO": "ABM, CCTV, Equans, Vinci & Surface General", "STAND_LENGTH": null, "STAND_STATUS": "Freehold (", "STAND_FROM": null, "STAND_WITHDRAWN": null, "OS_EASTING": 548925, "OS_NORTHING": "182115", "TRANSIT_NODE_NAME": null, "DATE_UPDATED": "20240430", "OBJECTID": 2145 }, "geometry": { "type": "Point", "coordinates": [ 0.145045843575383, 51.518329752766697 ] } },
{ "type": "Feature", "properties": { "STAND_CODE": "16/200644", "STAND_NAME": "Dagenham, Asda", "CALMS_NO": "644", "DESCRIPTION": "Merrielands Crescent RM9 6SJ", "AUTHORITY": "Barking & Dagenham", "AVAILABILITY": null, "CHECKED": null, "OTHER_INFO": "Surface General", "STAND_LENGTH": null, "STAND_STATUS": null, "STAND_FROM": null, "STAND_WITHDRAWN": null, "OS_EASTING": 548776, "OS_NORTHING": "183438", "TRANSIT_NODE_NAME": null, "DATE_UPDATED": "20240430", "OBJECTID": 2146 }, "geometry": { "type": "Point", "coordinates": [ 0.14345768128786, 51.530256444691098 ] } },
{ "type": "Feature", "properties": { "STAND_CODE": "16/200645", "STAND_NAME": "Dagenham, Fords Main Works", "CALMS_NO": "645", "DESCRIPTION": "Dagenham\nFords Main Works RM9 6LE", "AUTHORITY": "Barking & Dagenham", "AVAILABILITY": null, "CHECKED": null, "OTHER_INFO": "Surface General", "STAND_LENGTH": null, "STAND_STATUS": null, "STAND_FROM": null, "STAND_WITHDRAWN": null, "OS_EASTING": 549491, "OS_NORTHING": "183244", "TRANSIT_NODE_NAME": null, "DATE_UPDATED": "20240430", "OBJECTID": 2147 }, "geometry": { "type": "Point", "coordinates": [ 0.153675625659696, 51.528324670607702 ] } },
{ "type": "Feature", "properties": { "STAND_CODE": "15/200646", "STAND_NAME": "Dagenham, New Road", "CALMS_NO": "646", "DESCRIPTION": "New Road RM13 8DS", "AUTHORITY": "Havering", "AVAILABILITY": null, "CHECKED": null, "OTHER_INFO": "ABM & Surface General", "STAND_LENGTH": null, "STAND_STATUS": null, "STAND_FROM": null, "STAND_WITHDRAWN": null, "OS_EASTING": 550488, "OS_NORTHING": "183002", "TRANSIT_NODE_NAME": null, "DATE_UPDATED": "20240430", "OBJECTID": 2148 }, "geometry": { "type": "Point", "coordinates": [ 0.16793425123795, 51.525885734836301 ] } },
{ "type": "Feature", "properties": { "STAND_CODE": "04/200306", "STAND_NAME": "Dalston Junction, Dalston", "CALMS_NO": "306", "DESCRIPTION": "29 Forest Row\nDalston\nHackney E8 4AR", "AUTHORITY": "Hackney", "AVAILABILITY": null, "CHECKED": null, "OTHER_INFO": "ABM, CCTV, Vinci & Surface General", "STAND_LENGTH": null, "STAND_STATUS": "Freehold (", "STAND_FROM": null, "STAND_WITHDRAWN": null, "OS_EASTING": 533568, "OS_NORTHING": "184655", "TRANSIT_NODE_NAME": null, "DATE_UPDATED": "20240430", "OBJECTID": 2149 }, "geometry": { "type": "Point", "coordinates": [ -0.075187003157646, 51.544992680754497 ] } },
{ "type": "Feature", "properties": { "STAND_CODE": "07/200239", "STAND_NAME": "Deptford Bridge", "CALMS_NO": "239", "DESCRIPTION": "Deals Gateway\nGreenwich\n SE8 4HH", "AUTHORITY": "Lewisham", "AVAILABILITY": null, "CHECKED": null, "OTHER_INFO": "ABM, CCTV, Vinci & Surface General", "STAND_LENGTH": null, "STAND_STATUS": "Freehold (", "STAND_FROM": null, "STAND_WITHDRAWN": null, "OS_EASTING": 537392, "OS_NORTHING": "176926", "TRANSIT_NODE_NAME": null, "DATE_UPDATED": "20240430", "OBJECTID": 2150 }, "geometry": { "type": "Point", "coordinates": [ -0.023085782093326, 51.474620753462901 ] } },
{ "type": "Feature", "properties": { "STAND_CODE": "27/200617", "STAND_NAME": "Ealing Broadway Haven Green", "CALMS_NO": "617", "DESCRIPTION": "Ealing Broadway\nHaven Green\nEaling W5 2NU", "AUTHORITY": "Ealing", "AVAILABILITY": null, "CHECKED": null, "OTHER_INFO": "ABM & Surface General", "STAND_LENGTH": null, "STAND_STATUS": "Lease/Lice", "STAND_FROM": null, "STAND_WITHDRAWN": null, "OS_EASTING": 517802, "OS_NORTHING": "180969", "TRANSIT_NODE_NAME": null, "DATE_UPDATED": "20240430", "OBJECTID": 2151 }, "geometry": { "type": "Point", "coordinates": [ -0.303669454132687, 51.515372373900099 ] } },
{ "type": "Feature", "properties": { "STAND_CODE": "27/200710", "STAND_NAME": "Ealing Common, Warwick Dene Church", "CALMS_NO": "710", "DESCRIPTION": "Ealing Common (Via church back door/gate on Delamere Road)\nAll Saints Church Hall\nElm Grove Rd W5 3JH", "AUTHORITY": "Ealing", "AVAILABILITY": null, "CHECKED": null, "OTHER_INFO": "Surface General", "STAND_LENGTH": null, "STAND_STATUS": null, "STAND_FROM": null, "STAND_WITHDRAWN": null, "OS_EASTING": 518397, "OS_NORTHING": "180135", "TRANSIT_NODE_NAME": null, "DATE_UPDATED": "20240430", "OBJECTID": 2152 }, "geometry": { "type": "Point", "coordinates": [ -0.295378557305956, 51.507752503465397 ] } },
{ "type": "Feature", "properties": { "STAND_CODE": "27/200369", "STAND_NAME": "Ealing Hospital", "CALMS_NO": "369", "DESCRIPTION": "Uxbridge Road\nSouthall\nEaling UB1 3HW", "AUTHORITY": "Ealing", "AVAILABILITY": null, "CHECKED": null, "OTHER_INFO": "ABM, Vinci & Surface General", "STAND_LENGTH": null, "STAND_STATUS": "Lease/Lice", "STAND_FROM": null, "STAND_WITHDRAWN": null, "OS_EASTING": 514710, "OS_NORTHING": "180074", "TRANSIT_NODE_NAME": null, "DATE_UPDATED": "20240430", "OBJECTID": 2153 }, "geometry": { "type": "Point", "coordinates": [ -0.348501188551154, 51.5079637110885 ] } },
{ "type": "Feature", "properties": { "STAND_CODE": "27/200752", "STAND_NAME": "East Acton Telford Way", "CALMS_NO": "752", "DESCRIPTION": "Telford Way, Ealing W3 7XR", "AUTHORITY": "Ealing", "AVAILABILITY": null, "CHECKED": null, "OTHER_INFO": "ABM, CCTV, Vinci & Surface General", "STAND_LENGTH": null, "STAND_STATUS": "Freehold (", "STAND_FROM": null, "STAND_WITHDRAWN": null, "OS_EASTING": 521340, "OS_NORTHING": "181613", "TRANSIT_NODE_NAME": null, "DATE_UPDATED": "20240430", "OBJECTID": 2154 }, "geometry": { "type": "Point", "coordinates": [ -0.252484448132714, 51.520412542274599 ] } },
{ "type": "Feature", "properties": { "STAND_CODE": "20/200240", "STAND_NAME": "East Croydon", "CALMS_NO": "240", "DESCRIPTION": "George Street CR0 1LF", "AUTHORITY": "Croydon", "AVAILABILITY": null, "CHECKED": null, "OTHER_INFO": "ABM, CCTV, Vinci & Surface General", "STAND_LENGTH": null, "STAND_STATUS": "Freehold (", "STAND_FROM": null, "STAND_WITHDRAWN": null, "OS_EASTING": 532908, "OS_NORTHING": "165708", "TRANSIT_NODE_NAME": null, "DATE_UPDATED": "20240430", "OBJECTID": 2155 }, "geometry": { "type": "Point", "coordinates": [ -0.091815216551668, 51.374878994893102 ] } },
{ "type": "Feature", "properties": { "STAND_CODE": "08/200648", "STAND_NAME": "East Dulwich (Sainsbury)", "CALMS_NO": "648", "DESCRIPTION": "80 Dog Kennel Hill SE22 8BB", "AUTHORITY": "Southwark", "AVAILABILITY": null, "CHECKED": null, "OTHER_INFO": "Surface General", "STAND_LENGTH": null, "STAND_STATUS": null, "STAND_FROM": null, "STAND_WITHDRAWN": null, "OS_EASTING": 533261, "OS_NORTHING": "175461", "TRANSIT_NODE_NAME": null, "DATE_UPDATED": "20240430", "OBJECTID": 2156 }, "geometry": { "type": "Point", "coordinates": [ -0.08308287685292, 51.462443054903602 ] } },
{ "type": "Feature", "properties": { "STAND_CODE": "30/200371", "STAND_NAME": "East Finchley", "CALMS_NO": "371", "DESCRIPTION": "6 High Road\nHaringey N2 0NW", "AUTHORITY": "Barnet", "AVAILABILITY": null, "CHECKED": null, "OTHER_INFO": "ABM, Vinci & Surface General", "STAND_LENGTH": null, "STAND_STATUS": "Lease/Lice", "STAND_FROM": null, "STAND_WITHDRAWN": null, "OS_EASTING": 527262, "OS_NORTHING": "189226", "TRANSIT_NODE_NAME": null, "DATE_UPDATED": "20240430", "OBJECTID": 2157 }, "geometry": { "type": "Point", "coordinates": [ -0.164421932789157, 51.587528112795503 ] } },
{ "type": "Feature", "properties": { "STAND_CODE": "17/200308", "STAND_NAME": "East Ham - White Horse", "CALMS_NO": "308", "DESCRIPTION": "125 High Street South\nEast Ham\nNewham E6 3RN", "AUTHORITY": "Newham", "AVAILABILITY": null, "CHECKED": null, "OTHER_INFO": "ABM & Surface General", "STAND_LENGTH": null, "STAND_STATUS": null, "STAND_FROM": null, "STAND_WITHDRAWN": null, "OS_EASTING": 542732, "OS_NORTHING": "183107", "TRANSIT_NODE_NAME": null, "DATE_UPDATED": "20240430", "OBJECTID": 2158 }, "geometry": { "type": "Point", "coordinates": [ 0.056251441747002, 51.5288410242201 ] } },
{ "type": "Feature", "properties": { "STAND_CODE": "10/200649", "STAND_NAME": "Elliot School, Putney Heath", "CALMS_NO": "649", "DESCRIPTION": "Pullman Gardens\nLondon SW15 3DG", "AUTHORITY": "Wandsworth", "AVAILABILITY": null, "CHECKED": null, "OTHER_INFO": "Surface General", "STAND_LENGTH": null, "STAND_STATUS": null, "STAND_FROM": null, "STAND_WITHDRAWN": null, "OS_EASTING": 523315, "OS_NORTHING": "174371", "TRANSIT_NODE_NAME": null, "DATE_UPDATED": "20240430", "OBJECTID": 2159 }, "geometry": { "type": "Point", "coordinates": [ -0.226559900929108, 51.454898799533801 ] } },
{ "type": "Feature", "properties": { "STAND_CODE": "19/200241", "STAND_NAME": "Elmers End Station, Elmers End Road", "CALMS_NO": "241", "DESCRIPTION": "St Margrets Road\nBeckenham\nBromley BR3 4DR", "AUTHORITY": "Bromley", "AVAILABILITY": null, "CHECKED": null, "OTHER_INFO": "ABM, CCTV, Vinci & Surface General", "STAND_LENGTH": null, "STAND_STATUS": "Lease/Lice", "STAND_FROM": null, "STAND_WITHDRAWN": null, "OS_EASTING": 535854, "OS_NORTHING": "168399", "TRANSIT_NODE_NAME": null, "DATE_UPDATED": "20240430", "OBJECTID": 2160 }, "geometry": { "type": "Point", "coordinates": [ -0.048485519236437, 51.398364098398801 ] } },
{ "type": "Feature", "properties": { "STAND_CODE": "06/200252", "STAND_NAME": "Eltham", "CALMS_NO": "252", "DESCRIPTION": "Glenlea Path\nEltham\nGreenwich SE9 1SA", "AUTHORITY": "Greenwich", "AVAILABILITY": null, "CHECKED": null, "OTHER_INFO": "ABM, CCTV, Equans, Vinci & Surface General", "STAND_LENGTH": null, "STAND_STATUS": "Freehold (", "STAND_FROM": null, "STAND_WITHDRAWN": null, "OS_EASTING": 542658, "OS_NORTHING": "174926", "TRANSIT_NODE_NAME": null, "DATE_UPDATED": "20240430", "OBJECTID": 2161 }, "geometry": { "type": "Point", "coordinates": [ 0.051881045552552, 51.4553471940457 ] } },
{ "type": "Feature", "properties": { "STAND_CODE": "32/200650", "STAND_NAME": "Enfield Chase", "CALMS_NO": "650", "DESCRIPTION": "Windmill Hill EN2 7AB", "AUTHORITY": "Enfield", "AVAILABILITY": null, "CHECKED": null, "OTHER_INFO": "Surface General", "STAND_LENGTH": null, "STAND_STATUS": null, "STAND_FROM": null, "STAND_WITHDRAWN": null, "OS_EASTING": 532158, "OS_NORTHING": "196692", "TRANSIT_NODE_NAME": null, "DATE_UPDATED": "20240430", "OBJECTID": 2162 }, "geometry": { "type": "Point", "coordinates": [ -0.090977610973779, 51.653493857244499 ] } },
{ "type": "Feature", "properties": { "STAND_CODE": "32/200651", "STAND_NAME": "Enfield, Chase Farm Hospital", "CALMS_NO": "651", "DESCRIPTION": "Chase Farm Hospital EN2 8JL", "AUTHORITY": "Enfield", "AVAILABILITY": null, "CHECKED": null, "OTHER_INFO": "Surface General", "STAND_LENGTH": null, "STAND_STATUS": null, "STAND_FROM": null, "STAND_WITHDRAWN": null, "OS_EASTING": 531175, "OS_NORTHING": "197941", "TRANSIT_NODE_NAME": null, "DATE_UPDATED": "20240430", "OBJECTID": 2163 }, "geometry": { "type": "Point", "coordinates": [ -0.104710981161745, 51.664947827482102 ] } },
{ "type": "Feature", "properties": { "STAND_CODE": "32/200311", "STAND_NAME": "Enfield, Little Park Gardens", "CALMS_NO": "311", "DESCRIPTION": "The Stag Little Park Gardens\nEnfield town\nEnfield EN2 6PH", "AUTHORITY": "Enfield", "AVAILABILITY": null, "CHECKED": null, "OTHER_INFO": "ABM, Vinci & Surface General", "STAND_LENGTH": null, "STAND_STATUS": "Lease/Lice", "STAND_FROM": null, "STAND_WITHDRAWN": null, "OS_EASTING": 532492, "OS_NORTHING": "196619", "TRANSIT_NODE_NAME": null, "DATE_UPDATED": "20240430", "OBJECTID": 2164 }, "geometry": { "type": "Point", "coordinates": [ -0.086180013503626, 51.652759320269297 ] } },
{ "type": "Feature", "properties": { "STAND_CODE": "25/200652", "STAND_NAME": "Feltham Station, (East Side)", "CALMS_NO": "652", "DESCRIPTION": "Hounslow Road\nFeltham\nGreater London B3377 Feltham\nGreater London TW14 9BT", "AUTHORITY": "Hounslow", "AVAILABILITY": null, "CHECKED": null, "OTHER_INFO": "Surface General", "STAND_LENGTH": null, "STAND_STATUS": null, "STAND_FROM": null, "STAND_WITHDRAWN": null, "OS_EASTING": 510671, "OS_NORTHING": "173286", "TRANSIT_NODE_NAME": null, "DATE_UPDATED": "20240430", "OBJECTID": 2165 }, "geometry": { "type": "Point", "coordinates": [ -0.408800086830174, 51.447756878481002 ] } },
{ "type": "Feature", "properties": { "STAND_CODE": "25/200653", "STAND_NAME": "Feltham Young Offenders Institute", "CALMS_NO": "653", "DESCRIPTION": "Bedfont Rd\nFeltham\nMiddlesex TW13 4NP", "AUTHORITY": "Hounslow", "AVAILABILITY": null, "CHECKED": null, "OTHER_INFO": "Surface General", "STAND_LENGTH": null, "STAND_STATUS": null, "STAND_FROM": null, "STAND_WITHDRAWN": null, "OS_EASTING": 509017, "OS_NORTHING": "172656", "TRANSIT_NODE_NAME": null, "DATE_UPDATED": "20240430", "OBJECTID": 2166 }, "geometry": { "type": "Point", "coordinates": [ -0.432785540771538, 51.442414720682201 ] } },
{ "type": "Feature", "properties": { "STAND_CODE": "18/200244", "STAND_NAME": "Foots Cray Tescos", "CALMS_NO": "244", "DESCRIPTION": "Edgington Way\nRuxley\nSidcup DA14 5BN", "AUTHORITY": "Bexley", "AVAILABILITY": null, "CHECKED": null, "OTHER_INFO": "ABM, CCTV, Vinci & Surface General", "STAND_LENGTH": null, "STAND_STATUS": "Lease/Lice", "STAND_FROM": null, "STAND_WITHDRAWN": null, "OS_EASTING": 547681, "OS_NORTHING": "170345", "TRANSIT_NODE_NAME": null, "DATE_UPDATED": "20240430", "OBJECTID": 2167 }, "geometry": { "type": "Point", "coordinates": [ 0.122214458112111, 51.412897603581897 ] } },
{ "type": "Feature", "properties": { "STAND_CODE": "24/200373", "STAND_NAME": "Fulwell Old Tram Depot", "CALMS_NO": "373", "DESCRIPTION": "The Old tram Garage\nStanley Road\nTwickenham TW2 5NT", "AUTHORITY": "Richmond Upon Thames", "AVAILABILITY": null, "CHECKED": null, "OTHER_INFO": "ABM, CCTV, Equans, Vinci & Surface General", "STAND_LENGTH": null, "STAND_STATUS": "Freehold (", "STAND_FROM": null, "STAND_WITHDRAWN": null, "OS_EASTING": 514821, "OS_NORTHING": "171908", "TRANSIT_NODE_NAME": null, "DATE_UPDATED": "20240430", "OBJECTID": 2168 }, "geometry": { "type": "Point", "coordinates": [ -0.349553488772035, 51.4345463142079 ] } },
{ "type": "Feature", "properties": { "STAND_CODE": "14/200654", "STAND_NAME": "Goodmayes, King George Hospital", "CALMS_NO": "654", "DESCRIPTION": "King George Hospital IG3 8YB", "AUTHORITY": "Redbridge", "AVAILABILITY": null, "CHECKED": null, "OTHER_INFO": "Surface General", "STAND_LENGTH": null, "STAND_STATUS": null, "STAND_FROM": null, "STAND_WITHDRAWN": null, "OS_EASTING": 546410, "OS_NORTHING": "188893", "TRANSIT_NODE_NAME": null, "DATE_UPDATED": "20240430", "OBJECTID": 2169 }, "geometry": { "type": "Point", "coordinates": [ 0.111640991353872, 51.579889113633897 ] } },
{ "type": "Feature", "properties": { "STAND_CODE": "27/200655", "STAND_NAME": "Greenford, Rockware Avenue", "CALMS_NO": "655", "DESCRIPTION": "5 Rockware Avenue Greenford\nMiddlesex UB6 0AA", "AUTHORITY": "Ealing", "AVAILABILITY": null, "CHECKED": null, "OTHER_INFO": "Surface General", "STAND_LENGTH": null, "STAND_STATUS": null, "STAND_FROM": null, "STAND_WITHDRAWN": null, "OS_EASTING": 515153, "OS_NORTHING": "183844", "TRANSIT_NODE_NAME": null, "DATE_UPDATED": "20240430", "OBJECTID": 2170 }, "geometry": { "type": "Point", "coordinates": [ -0.340888987217342, 51.541757612855903 ] } },
{ "type": "Feature", "properties": { "STAND_CODE": "07/200249", "STAND_NAME": "Grove Park", "CALMS_NO": "249", "DESCRIPTION": "Baring Road\nGrove Park\nLewisham SE12 0DU", "AUTHORITY": "Lewisham", "AVAILABILITY": null, "CHECKED": null, "OTHER_INFO": "ABM, CCTV, Equans, Vinci & Surface General", "STAND_LENGTH": null, "STAND_STATUS": "Freehold (", "STAND_FROM": null, "STAND_WITHDRAWN": null, "OS_EASTING": 540588, "OS_NORTHING": "172278", "TRANSIT_NODE_NAME": null, "DATE_UPDATED": "20240430", "OBJECTID": 2171 }, "geometry": { "type": "Point", "coordinates": [ 0.021057069512614, 51.432069429075497 ] } },
{ "type": "Feature", "properties": { "STAND_CODE": "04/200315", "STAND_NAME": "Hackney Wick", "CALMS_NO": "315", "DESCRIPTION": "38 Eastway\nHackney Wick\nHackney E9 5HG", "AUTHORITY": "Hackney", "AVAILABILITY": null, "CHECKED": null, "OTHER_INFO": "ABM, CCTV, Equans, Vinci & Surface General", "STAND_LENGTH": null, "STAND_STATUS": "Freehold (", "STAND_FROM": null, "STAND_WITHDRAWN": null, "OS_EASTING": 536691, "OS_NORTHING": "184868", "TRANSIT_NODE_NAME": null, "DATE_UPDATED": "20240430", "OBJECTID": 2172 }, "geometry": { "type": "Point", "coordinates": [ -0.030095092621737, 51.5461596115899 ] } },
{ "type": "Feature", "properties": { "STAND_CODE": "30/200375", "STAND_NAME": "Halliwick Park (OY SHIPAX Toilet Unit)", "CALMS_NO": "375", "DESCRIPTION": "Martock Gardens\nFriern Barnet Road\nBarnet N11 3GN", "AUTHORITY": "Barnet", "AVAILABILITY": null, "CHECKED": null, "OTHER_INFO": "ABM, Vinci & Surface General", "STAND_LENGTH": null, "STAND_STATUS": "Lease/Lice", "STAND_FROM": null, "STAND_WITHDRAWN": null, "OS_EASTING": 527999, "OS_NORTHING": "192095", "TRANSIT_NODE_NAME": null, "DATE_UPDATED": "20240430", "OBJECTID": 2173 }, "geometry": { "type": "Point", "coordinates": [ -0.152743617924492, 51.613144131396801 ] } },
{ "type": "Feature", "properties": { "STAND_CODE": "02/200377", "STAND_NAME": "Hampstead Heath", "CALMS_NO": "377", "DESCRIPTION": "South End Green\nHampstead\nCamden NW3 2LL", "AUTHORITY": "Camden", "AVAILABILITY": null, "CHECKED": null, "OTHER_INFO": "ABM, Equans, Vinci & Surface General", "STAND_LENGTH": null, "STAND_STATUS": "Lease/Lice", "STAND_FROM": null, "STAND_WITHDRAWN": null, "OS_EASTING": 527309, "OS_NORTHING": "185548", "TRANSIT_NODE_NAME": null, "DATE_UPDATED": "20240430", "OBJECTID": 2174 }, "geometry": { "type": "Point", "coordinates": [ -0.165075136352619, 51.5544640455959 ] } },
{ "type": "Feature", "properties": { "STAND_CODE": "24/200656", "STAND_NAME": "Hampton Court Station", "CALMS_NO": "656", "DESCRIPTION": "Hampton Court Way\nEast Molesey KT8 9AE", "AUTHORITY": "Richmond Upon Thames", "AVAILABILITY": null, "CHECKED": null, "OTHER_INFO": "Surface General", "STAND_LENGTH": null, "STAND_STATUS": null, "STAND_FROM": null, "STAND_WITHDRAWN": null, "OS_EASTING": 515371, "OS_NORTHING": "168407", "TRANSIT_NODE_NAME": null, "DATE_UPDATED": "20240430", "OBJECTID": 2175 }, "geometry": { "type": "Point", "coordinates": [ -0.342783191024102, 51.402967946963798 ] } },
{ "type": "Feature", "properties": { "STAND_CODE": "25/200657", "STAND_NAME": "Hanworth Road, Hounslow", "CALMS_NO": "657", "DESCRIPTION": "Hanworth Road\nHouslow TW3 3UA", "AUTHORITY": "Hounslow", "AVAILABILITY": null, "CHECKED": null, "OTHER_INFO": "Surface General", "STAND_LENGTH": null, "STAND_STATUS": null, "STAND_FROM": null, "STAND_WITHDRAWN": null, "OS_EASTING": 513602, "OS_NORTHING": "175104", "TRANSIT_NODE_NAME": null, "DATE_UPDATED": "20240430", "OBJECTID": 2176 }, "geometry": { "type": "Point", "coordinates": [ -0.366057372338836, 51.463516963897099 ] } },
{ "type": "Feature", "properties": { "STAND_CODE": "26/200658", "STAND_NAME": "Harefield Hospital", "CALMS_NO": "658", "DESCRIPTION": "Hill End Road Harefield Middlesex UB9 6JH", "AUTHORITY": "Hillingdon", "AVAILABILITY": null, "CHECKED": null, "OTHER_INFO": "Surface General", "STAND_LENGTH": null, "STAND_STATUS": null, "STAND_FROM": null, "STAND_WITHDRAWN": null, "OS_EASTING": 505251, "OS_NORTHING": "191037", "TRANSIT_NODE_NAME": null, "DATE_UPDATED": "20240430", "OBJECTID": 2177 }, "geometry": { "type": "Point", "coordinates": [ -0.481465935287156, 51.6083427111476 ] } },
{ "type": "Feature", "properties": { "STAND_CODE": "31/200659", "STAND_NAME": "Harringay, Sainsburys", "CALMS_NO": "659", "DESCRIPTION": "Harringay\nSainsburys N4 1BF", "AUTHORITY": "Haringey", "AVAILABILITY": null, "CHECKED": null, "OTHER_INFO": "Surface General", "STAND_LENGTH": null, "STAND_STATUS": null, "STAND_FROM": null, "STAND_WITHDRAWN": null, "OS_EASTING": 531981, "OS_NORTHING": "188167", "TRANSIT_NODE_NAME": null, "DATE_UPDATED": "20240430", "OBJECTID": 2178 }, "geometry": { "type": "Point", "coordinates": [ -0.096743239422041, 51.576926788950601 ] } },
{ "type": "Feature", "properties": { "STAND_CODE": "25/200379", "STAND_NAME": "Hatton Cross", "CALMS_NO": "379", "DESCRIPTION": "Hatton Cross Underground Station\nHounslow\nHillingdon TW6 3RE", "AUTHORITY": "Hounslow", "AVAILABILITY": null, "CHECKED": null, "OTHER_INFO": "ABM & Surface General", "STAND_LENGTH": null, "STAND_STATUS": null, "STAND_FROM": null, "STAND_WITHDRAWN": null, "OS_EASTING": 509620, "OS_NORTHING": "175416", "TRANSIT_NODE_NAME": null, "DATE_UPDATED": "20240430", "OBJECTID": 2179 }, "geometry": { "type": "Point", "coordinates": [ -0.423258903897269, 51.467105883930699 ] } },
{ "type": "Feature", "properties": { "STAND_CODE": "26/200660", "STAND_NAME": "Heathrow Central", "CALMS_NO": "660", "DESCRIPTION": "Heathrow Airport\nHillingdon TW6 1SL", "AUTHORITY": "Hillingdon", "AVAILABILITY": null, "CHECKED": null, "OTHER_INFO": "Surface General", "STAND_LENGTH": null, "STAND_STATUS": null, "STAND_FROM": null, "STAND_WITHDRAWN": null, "OS_EASTING": 507588, "OS_NORTHING": "175854", "TRANSIT_NODE_NAME": null, "DATE_UPDATED": "20240430", "OBJECTID": 2180 }, "geometry": { "type": "Point", "coordinates": [ -0.452367732176786, 51.471432915859701 ] } },
{ "type": "Feature", "properties": { "STAND_CODE": "26/200661", "STAND_NAME": "Heathrow Terminal 4", "CALMS_NO": "661", "DESCRIPTION": "Heathrow Airport\nSouthern Perimeter Rd TW6 3FB", "AUTHORITY": "Hillingdon", "AVAILABILITY": null, "CHECKED": null, "OTHER_INFO": "Surface General", "STAND_LENGTH": null, "STAND_STATUS": null, "STAND_FROM": null, "STAND_WITHDRAWN": null, "OS_EASTING": 508031, "OS_NORTHING": "174509", "TRANSIT_NODE_NAME": null, "DATE_UPDATED": "20240430", "OBJECTID": 2181 }, "geometry": { "type": "Point", "coordinates": [ -0.446402250681073, 51.4592588985631 ] } },
{ "type": "Feature", "properties": { "STAND_CODE": "26/200711", "STAND_NAME": "Heathrow, Terminal 5", "CALMS_NO": "711", "DESCRIPTION": "Terminal 5\nWellington Rd\nHeathrow Airport (LHR) Walrus Rd\nHounslow\nGreater London TW6 2GA", "AUTHORITY": "Hillingdon", "AVAILABILITY": null, "CHECKED": null, "OTHER_INFO": "Surface General", "STAND_LENGTH": null, "STAND_STATUS": null, "STAND_FROM": null, "STAND_WITHDRAWN": null, "OS_EASTING": 504961, "OS_NORTHING": "175850", "TRANSIT_NODE_NAME": null, "DATE_UPDATED": "20240430", "OBJECTID": 2182 }, "geometry": { "type": "Point", "coordinates": [ -0.49017771581319, 51.471890133610898 ] } },
{ "type": "Feature", "properties": { "STAND_CODE": "02/200663", "STAND_NAME": "Highgate Village, South Grove", "CALMS_NO": "663", "DESCRIPTION": "8 South Grove\nHighgate Village N6 6BS", "AUTHORITY": "Camden", "AVAILABILITY": null, "CHECKED": null, "OTHER_INFO": "Surface General", "STAND_LENGTH": null, "STAND_STATUS": null, "STAND_FROM": null, "STAND_WITHDRAWN": null, "OS_EASTING": 528427, "OS_NORTHING": "187389", "TRANSIT_NODE_NAME": null, "DATE_UPDATED": "20240430", "OBJECTID": 2183 }, "geometry": { "type": "Point", "coordinates": [ -0.148286056889168, 51.570755573257998 ] } },
{ "type": "Feature", "properties": { "STAND_CODE": "26/200664", "STAND_NAME": "Hillingdon Hospital", "CALMS_NO": "664", "DESCRIPTION": "Pield Heath Rd\nUxbridge\nMiddlesex UB8 3NN Hillingdon UB8 3NN", "AUTHORITY": "Hillingdon", "AVAILABILITY": null, "CHECKED": null, "OTHER_INFO": "Surface General", "STAND_LENGTH": null, "STAND_STATUS": null, "STAND_FROM": null, "STAND_WITHDRAWN": null, "OS_EASTING": 506913, "OS_NORTHING": "181938", "TRANSIT_NODE_NAME": null, "DATE_UPDATED": "20240430", "OBJECTID": 2184 }, "geometry": { "type": "Point", "coordinates": [ -0.460240810372571, 51.526245731384002 ] } },
{ "type": "Feature", "properties": { "STAND_CODE": "15/200316", "STAND_NAME": "Hornchurch Station", "CALMS_NO": "316", "DESCRIPTION": "164 Station Lane\nHavering\nHornchurch RM12 6LS", "AUTHORITY": "Havering", "AVAILABILITY": null, "CHECKED": null, "OTHER_INFO": "ABM, Vinci & Surface General", "STAND_LENGTH": null, "STAND_STATUS": "Lease/Lice", "STAND_FROM": null, "STAND_WITHDRAWN": null, "OS_EASTING": 553948, "OS_NORTHING": "186261", "TRANSIT_NODE_NAME": null, "DATE_UPDATED": "20240430", "OBJECTID": 2185 }, "geometry": { "type": "Point", "coordinates": [ 0.219193557147585, 51.554235596701197 ] } },
{ "type": "Feature", "properties": { "STAND_CODE": "25/200603", "STAND_NAME": "Hounslow Civic Centre (Stand)", "CALMS_NO": "603", "DESCRIPTION": "105 Lampton Rd \nHounslow TW3 4DP", "AUTHORITY": "Hounslow", "AVAILABILITY": null, "CHECKED": null, "OTHER_INFO": "ABM & Surface General", "STAND_LENGTH": null, "STAND_STATUS": null, "STAND_FROM": null, "STAND_WITHDRAWN": null, "OS_EASTING": 513605, "OS_NORTHING": "176305", "TRANSIT_NODE_NAME": null, "DATE_UPDATED": "20240430", "OBJECTID": 2186 }, "geometry": { "type": "Point", "coordinates": [ -0.365628587329185, 51.4743109138238 ] } },
{ "type": "Feature", "properties": { "STAND_CODE": "25/200381", "STAND_NAME": "Hounslow West Station", "CALMS_NO": "381", "DESCRIPTION": "337 Bath Road\nHounslow TW3 3DH", "AUTHORITY": "Hounslow", "AVAILABILITY": null, "CHECKED": null, "OTHER_INFO": "ABM, Vinci & Surface General", "STAND_LENGTH": null, "STAND_STATUS": "Lease/Lice", "STAND_FROM": null, "STAND_WITHDRAWN": null, "OS_EASTING": 512226, "OS_NORTHING": "176112", "TRANSIT_NODE_NAME": null, "DATE_UPDATED": "20240430", "OBJECTID": 2187 }, "geometry": { "type": "Point", "coordinates": [ -0.385536952307255, 51.472851296365697 ] } },
{ "type": "Feature", "properties": { "STAND_CODE": "14/200318", "STAND_NAME": "Ilford, Hainault Street", "CALMS_NO": "318", "DESCRIPTION": "137 Ley Street\nRedbridge\nIlford IG1 4EQ", "AUTHORITY": "Redbridge", "AVAILABILITY": null, "CHECKED": null, "OTHER_INFO": "ABM, CCTV, Equans, Vinci & Surface General", "STAND_LENGTH": null, "STAND_STATUS": "Freehold (", "STAND_FROM": null, "STAND_WITHDRAWN": null, "OS_EASTING": 544022, "OS_NORTHING": "186756", "TRANSIT_NODE_NAME": null, "DATE_UPDATED": "20240430", "OBJECTID": 2188 }, "geometry": { "type": "Point", "coordinates": [ 0.076326686167343, 51.561302068598103 ] } },
{ "type": "Feature", "properties": { "STAND_CODE": "24/200665", "STAND_NAME": "Kew Retail Park, Bessant Drive (SRL)", "CALMS_NO": "665", "DESCRIPTION": "Kew Retail Park\nBessant Drive, Kew\nRichmond TW9 4AD", "AUTHORITY": "Richmond Upon Thames", "AVAILABILITY": null, "CHECKED": null, "OTHER_INFO": "ABM, Vinci & Surface General", "STAND_LENGTH": null, "STAND_STATUS": null, "STAND_FROM": null, "STAND_WITHDRAWN": null, "OS_EASTING": 519553, "OS_NORTHING": "176960", "TRANSIT_NODE_NAME": null, "DATE_UPDATED": "20240430", "OBJECTID": 2189 }, "geometry": { "type": "Point", "coordinates": [ -0.279804077663221, 51.478973634777802 ] } },
{ "type": "Feature", "properties": { "STAND_CODE": "06/200250", "STAND_NAME": "Kidbrooke Station", "CALMS_NO": "250", "DESCRIPTION": "Henley Cross\nKidbrooke\nGreenwich SE3 9PL", "AUTHORITY": "Greenwich", "AVAILABILITY": null, "CHECKED": null, "OTHER_INFO": "ABM, Vinci & Surface General", "STAND_LENGTH": null, "STAND_STATUS": "Freehold (", "STAND_FROM": null, "STAND_WITHDRAWN": null, "OS_EASTING": 540961, "OS_NORTHING": "175658", "TRANSIT_NODE_NAME": null, "DATE_UPDATED": "20240430", "OBJECTID": 2190 }, "geometry": { "type": "Point", "coordinates": [ 0.027764018871976, 51.462349644870002 ] } },
{ "type": "Feature", "properties": { "STAND_CODE": "02/200383", "STAND_NAME": "Kings Cross, York Way Toilets", "CALMS_NO": "383", "DESCRIPTION": "36 York Way\nCamden N1 9AB", "AUTHORITY": "Camden", "AVAILABILITY": null, "CHECKED": null, "OTHER_INFO": "ABM, Vinci & Surface General", "STAND_LENGTH": null, "STAND_STATUS": "Lease/Lice", "STAND_FROM": null, "STAND_WITHDRAWN": null, "OS_EASTING": 530319, "OS_NORTHING": "183210", "TRANSIT_NODE_NAME": null, "DATE_UPDATED": "20240430", "OBJECTID": 2191 }, "geometry": { "type": "Point", "coordinates": [ -0.122548685977697, 51.5327665123869 ] } },
{ "type": "Feature", "properties": { "STAND_CODE": "23/200666", "STAND_NAME": "Kingston Hospital", "CALMS_NO": "666", "DESCRIPTION": "2 Galsworthy Road KT2 7BU", "AUTHORITY": "Kingston Upon Thames", "AVAILABILITY": null, "CHECKED": null, "OTHER_INFO": "Surface General", "STAND_LENGTH": null, "STAND_STATUS": null, "STAND_FROM": null, "STAND_WITHDRAWN": null, "OS_EASTING": 519640, "OS_NORTHING": "169861", "TRANSIT_NODE_NAME": null, "DATE_UPDATED": "20240430", "OBJECTID": 2192 }, "geometry": { "type": "Point", "coordinates": [ -0.280949656544758, 51.415152395044402 ] } },
{ "type": "Feature", "properties": { "STAND_CODE": "12/200667", "STAND_NAME": "Ladbroke Grove, Sainsburys", "CALMS_NO": "667", "DESCRIPTION": "2 Canal Way\nLondon W10 5AA", "AUTHORITY": "Kensington & Chelsea", "AVAILABILITY": null, "CHECKED": null, "OTHER_INFO": "ABM & Surface General", "STAND_LENGTH": null, "STAND_STATUS": null, "STAND_FROM": null, "STAND_WITHDRAWN": null, "OS_EASTING": 523871, "OS_NORTHING": "182263", "TRANSIT_NODE_NAME": null, "DATE_UPDATED": "20240430", "OBJECTID": 2193 }, "geometry": { "type": "Point", "coordinates": [ -0.215794498471855, 51.525705601723502 ] } },
{ "type": "Feature", "properties": { "STAND_CODE": "13/200668", "STAND_NAME": "Lee Valley, Camp Site", "CALMS_NO": "668", "DESCRIPTION": "Lee Valley\nCamp Site E4 7BF", "AUTHORITY": "Waltham Forest", "AVAILABILITY": null, "CHECKED": null, "OTHER_INFO": "Surface General", "STAND_LENGTH": null, "STAND_STATUS": null, "STAND_FROM": null, "STAND_WITHDRAWN": null, "OS_EASTING": 537766, "OS_NORTHING": "196040", "TRANSIT_NODE_NAME": null, "DATE_UPDATED": "20240430", "OBJECTID": 2194 }, "geometry": { "type": "Point", "coordinates": [ -0.010220423252778, 51.646288639434601 ] } },
{ "type": "Feature", "properties": { "STAND_CODE": "07/200669", "STAND_NAME": "Lewisham Tesco", "CALMS_NO": "669", "DESCRIPTION": "Loampit Vale\nLewisham SE13 7TG", "AUTHORITY": "Lewisham", "AVAILABILITY": null, "CHECKED": null, "OTHER_INFO": "Surface General", "STAND_LENGTH": null, "STAND_STATUS": null, "STAND_FROM": null, "STAND_WITHDRAWN": null, "OS_EASTING": 537773, "OS_NORTHING": "175892", "TRANSIT_NODE_NAME": null, "DATE_UPDATED": "20240430", "OBJECTID": 2195 }, "geometry": { "type": "Point", "coordinates": [ -0.01800634187904, 51.465236315234399 ] } },
{ "type": "Feature", "properties": { "STAND_CODE": "07/200256", "STAND_NAME": "Lewisham, Thurston Road", "CALMS_NO": "256", "DESCRIPTION": "Thurston Road\nLewisham SE13 7RY", "AUTHORITY": "Lewisham", "AVAILABILITY": null, "CHECKED": null, "OTHER_INFO": "ABM, CCTV, Equans, Vinci & Surface General", "STAND_LENGTH": null, "STAND_STATUS": "Freehold (", "STAND_FROM": null, "STAND_WITHDRAWN": null, "OS_EASTING": 538009, "OS_NORTHING": "175922", "TRANSIT_NODE_NAME": null, "DATE_UPDATED": "20240430", "OBJECTID": 2196 }, "geometry": { "type": "Point", "coordinates": [ -0.014599417313719, 51.465448475798603 ] } },
{ "type": "Feature", "properties": { "STAND_CODE": "13/200322", "STAND_NAME": "Leyton, Downsell Road", "CALMS_NO": "322", "DESCRIPTION": "60 High Road\nLeyton E15 2BP", "AUTHORITY": "Waltham Forest", "AVAILABILITY": null, "CHECKED": null, "OTHER_INFO": "ABM, Vinci & Surface General", "STAND_LENGTH": null, "STAND_STATUS": "Freehold (", "STAND_FROM": null, "STAND_WITHDRAWN": null, "OS_EASTING": 538397, "OS_NORTHING": "185655", "TRANSIT_NODE_NAME": null, "DATE_UPDATED": "20240430", "OBJECTID": 2197 }, "geometry": { "type": "Point", "coordinates": [ -0.005198746558391, 51.552816404284201 ] } },
{ "type": "Feature", "properties": { "STAND_CODE": "13/200323", "STAND_NAME": "Leytonstone", "CALMS_NO": "323", "DESCRIPTION": "Kirkdale Road Stop W\nRedbridge\nWanstead E11 1HP ", "AUTHORITY": "Waltham Forest", "AVAILABILITY": null, "CHECKED": null, "OTHER_INFO": "ABM, CCTV, Equans, Vinci & Surface General", "STAND_LENGTH": null, "STAND_STATUS": "Freehold (", "STAND_FROM": null, "STAND_WITHDRAWN": null, "OS_EASTING": 539322, "OS_NORTHING": "187439", "TRANSIT_NODE_NAME": null, "DATE_UPDATED": "20240430", "OBJECTID": 2198 }, "geometry": { "type": "Point", "coordinates": [ 0.008840242457542, 51.5686195960158 ] } },
{ "type": "Feature", "properties": { "STAND_CODE": "13/200324", "STAND_NAME": "Leytonstone Plaza", "CALMS_NO": "324", "DESCRIPTION": "Grove Green Road Stop B\nRedbridge\nWanstead E11 4AZ", "AUTHORITY": "Waltham Forest", "AVAILABILITY": null, "CHECKED": null, "OTHER_INFO": "ABM & Surface General", "STAND_LENGTH": null, "STAND_STATUS": null, "STAND_FROM": null, "STAND_WITHDRAWN": null, "OS_EASTING": 539241, "OS_NORTHING": "187383", "TRANSIT_NODE_NAME": null, "DATE_UPDATED": "20240430", "OBJECTID": 2199 }, "geometry": { "type": "Point", "coordinates": [ 0.007650171031545, 51.568136398749203 ] } },
{ "type": "Feature", "properties": { "STAND_CODE": "05/200325", "STAND_NAME": "Limehouse, Burdett Road", "CALMS_NO": "325", "DESCRIPTION": "10 East India Dock Road and Burdett Road\nMillwall\nPoplar E14 7DL", "AUTHORITY": "Tower Hamlets", "AVAILABILITY": null, "CHECKED": null, "OTHER_INFO": "ABM, Vinci & Surface General", "STAND_LENGTH": null, "STAND_STATUS": "Freehold (", "STAND_FROM": null, "STAND_WITHDRAWN": null, "OS_EASTING": 536993, "OS_NORTHING": "181094", "TRANSIT_NODE_NAME": null, "DATE_UPDATED": "20240430", "OBJECTID": 2200 }, "geometry": { "type": "Point", "coordinates": [ -0.027209729179809, 51.512172650349697 ] } },
{ "type": "Feature", "properties": { "STAND_CODE": "17/200670", "STAND_NAME": "London City Airport", "CALMS_NO": "670", "DESCRIPTION": "London City Airport E16 2PB", "AUTHORITY": "Newham", "AVAILABILITY": null, "CHECKED": null, "OTHER_INFO": "Surface General", "STAND_LENGTH": null, "STAND_STATUS": null, "STAND_FROM": null, "STAND_WITHDRAWN": null, "OS_EASTING": 542275, "OS_NORTHING": "180297", "TRANSIT_NODE_NAME": null, "DATE_UPDATED": "20240430", "OBJECTID": 2201 }, "geometry": { "type": "Point", "coordinates": [ 0.048534531264935, 51.503706187687797 ] } },
{ "type": "Feature", "properties": { "STAND_CODE": "14/200671", "STAND_NAME": "Loughton Station", "CALMS_NO": "671", "DESCRIPTION": "Loughton Station IG10 3HZ", "AUTHORITY": "Redbridge", "AVAILABILITY": null, "CHECKED": null, "OTHER_INFO": "Surface General", "STAND_LENGTH": null, "STAND_STATUS": null, "STAND_FROM": null, "STAND_WITHDRAWN": null, "OS_EASTING": 542279, "OS_NORTHING": "195703", "TRANSIT_NODE_NAME": null, "DATE_UPDATED": "20240430", "OBJECTID": 2202 }, "geometry": { "type": "Point", "coordinates": [ 0.054825344615614, 51.642138309053799 ] } },
{ "type": "Feature", "properties": { "STAND_CODE": "05/200328", "STAND_NAME": "Mile End, Grove Road", "CALMS_NO": "328", "DESCRIPTION": "8A Grove Road\nTower Hamlets\nBow E3 5AX", "AUTHORITY": "Tower Hamlets", "AVAILABILITY": null, "CHECKED": null, "OTHER_INFO": "ABM, Vinci & Surface General", "STAND_LENGTH": null, "STAND_STATUS": "Freehold (", "STAND_FROM": null, "STAND_WITHDRAWN": null, "OS_EASTING": 536374, "OS_NORTHING": "182594", "TRANSIT_NODE_NAME": null, "DATE_UPDATED": "20240430", "OBJECTID": 2203 }, "geometry": { "type": "Point", "coordinates": [ -0.035544091193918, 51.525801571356503 ] } },
{ "type": "Feature", "properties": { "STAND_CODE": "30/200604", "STAND_NAME": "Mill Hill Broadway", "CALMS_NO": "604", "DESCRIPTION": "Station Road Mill Hill Broadway NW7 2JU", "AUTHORITY": "Barnet", "AVAILABILITY": null, "CHECKED": null, "OTHER_INFO": "Surface General", "STAND_LENGTH": null, "STAND_STATUS": null, "STAND_FROM": null, "STAND_WITHDRAWN": null, "OS_EASTING": 521349, "OS_NORTHING": "191979", "TRANSIT_NODE_NAME": null, "DATE_UPDATED": "20240430", "OBJECTID": 2204 }, "geometry": { "type": "Point", "coordinates": [ -0.248778207137121, 51.613573115410297 ] } },
{ "type": "Feature", "properties": { "STAND_CODE": "30/200384", "STAND_NAME": "Mill Hill East", "CALMS_NO": "384", "DESCRIPTION": "Bittacy Hill\nBarnet NW7 1BS", "AUTHORITY": "Barnet", "AVAILABILITY": null, "CHECKED": null, "OTHER_INFO": "ABM, Vinci & Surface General", "STAND_LENGTH": null, "STAND_STATUS": "Lease/Lice", "STAND_FROM": null, "STAND_WITHDRAWN": null, "OS_EASTING": 524049, "OS_NORTHING": "191484", "TRANSIT_NODE_NAME": null, "DATE_UPDATED": "20240430", "OBJECTID": 2205 }, "geometry": { "type": "Point", "coordinates": [ -0.209977231835089, 51.608537036650397 ] } },
{ "type": "Feature", "properties": { "STAND_CODE": "22/200261", "STAND_NAME": "Morden", "CALMS_NO": "261", "DESCRIPTION": "64 London Road\nMorden\nMerton SM4 5BE", "AUTHORITY": "Merton", "AVAILABILITY": null, "CHECKED": null, "OTHER_INFO": "ABM, Vinci & Surface General", "STAND_LENGTH": null, "STAND_STATUS": "Freehold (", "STAND_FROM": null, "STAND_WITHDRAWN": null, "OS_EASTING": 525714, "OS_NORTHING": "168595", "TRANSIT_NODE_NAME": null, "DATE_UPDATED": "20240430", "OBJECTID": 2206 }, "geometry": { "type": "Point", "coordinates": [ -0.194097405001617, 51.402461237024802 ] } },
{ "type": "Feature", "properties": { "STAND_CODE": "22/200414", "STAND_NAME": "Morden Area Offices (Apollo House)", "CALMS_NO": "414", "DESCRIPTION": "54a London Road\nMorden\nMerton SM4 5AZ", "AUTHORITY": "Merton", "AVAILABILITY": null, "CHECKED": null, "OTHER_INFO": "ABM, CCTV, Equans, Vinci & Surface General", "STAND_LENGTH": null, "STAND_STATUS": "Lease/Lice", "STAND_FROM": null, "STAND_WITHDRAWN": null, "OS_EASTING": 525737, "OS_NORTHING": "168626", "TRANSIT_NODE_NAME": null, "DATE_UPDATED": "20240430", "OBJECTID": 2207 }, "geometry": { "type": "Point", "coordinates": [ -0.193755949677691, 51.402734747197997 ] } },
{ "type": "Feature", "properties": { "STAND_CODE": "24/200386", "STAND_NAME": "Mortlake, Avondale Road", "CALMS_NO": "386", "DESCRIPTION": "120 Avondale Road\nRichmond SW14 8PN", "AUTHORITY": "Richmond Upon Thames", "AVAILABILITY": null, "CHECKED": null, "OTHER_INFO": "ABM, CCTV, Equans, Vinci & Surface General", "STAND_LENGTH": null, "STAND_STATUS": "Freehold (", "STAND_FROM": null, "STAND_WITHDRAWN": null, "OS_EASTING": 520992, "OS_NORTHING": "175758", "TRANSIT_NODE_NAME": null, "DATE_UPDATED": "20240430", "OBJECTID": 2208 }, "geometry": { "type": "Point", "coordinates": [ -0.259503320956866, 51.467865079605502 ] } },
{ "type": "Feature", "properties": { "STAND_CODE": "26/200387", "STAND_NAME": "Mount Vernon Hospital", "CALMS_NO": "387", "DESCRIPTION": "Rickmansworth Road\nNorthwood\nHillingdon HA6 2RN", "AUTHORITY": "Hillingdon", "AVAILABILITY": null, "CHECKED": null, "OTHER_INFO": "ABM, Vinci & Surface General", "STAND_LENGTH": null, "STAND_STATUS": "Lease/Lice", "STAND_FROM": null, "STAND_WITHDRAWN": null, "OS_EASTING": 507803, "OS_NORTHING": "191995", "TRANSIT_NODE_NAME": null, "DATE_UPDATED": "20240430", "OBJECTID": 2209 }, "geometry": { "type": "Point", "coordinates": [ -0.444333022531366, 51.616471165068901 ] } },
{ "type": "Feature", "properties": { "STAND_CODE": "31/200329", "STAND_NAME": "Muswell Hill Broadway", "CALMS_NO": "329", "DESCRIPTION": "Muswell Hill Broadway Stop T\nHaringey N10 3SH", "AUTHORITY": "Haringey", "AVAILABILITY": null, "CHECKED": null, "OTHER_INFO": "ABM, Equans, Vinci & Surface General", "STAND_LENGTH": null, "STAND_STATUS": "Freehold (", "STAND_FROM": null, "STAND_WITHDRAWN": null, "OS_EASTING": 528780, "OS_NORTHING": "189665", "TRANSIT_NODE_NAME": null, "DATE_UPDATED": "20240430", "OBJECTID": 2210 }, "geometry": { "type": "Point", "coordinates": [ -0.142361682706585, 51.591128772651899 ] } },
{ "type": "Feature", "properties": { "STAND_CODE": "28/200606", "STAND_NAME": "Neasden Church Road", "CALMS_NO": "606", "DESCRIPTION": "Station Approach\nNew Barnet NW10 2DA", "AUTHORITY": "Brent", "AVAILABILITY": null, "CHECKED": null, "OTHER_INFO": "Vinci & Surface General", "STAND_LENGTH": null, "STAND_STATUS": "Lease/Lice", "STAND_FROM": null, "STAND_WITHDRAWN": null, "OS_EASTING": 521448, "OS_NORTHING": "184631", "TRANSIT_NODE_NAME": null, "DATE_UPDATED": "20240430", "OBJECTID": 2211 }, "geometry": { "type": "Point", "coordinates": [ -0.249887973117483, 51.547513406422198 ] } },
{ "type": "Feature", "properties": { "STAND_CODE": "28/200388", "STAND_NAME": "Neasden, St Raphael's", "CALMS_NO": "388", "DESCRIPTION": "2 Dury Way\nNeasden\nBrent NW10 0UH", "AUTHORITY": "Brent", "AVAILABILITY": null, "CHECKED": null, "OTHER_INFO": "ABM, Vinci & Surface General", "STAND_LENGTH": null, "STAND_STATUS": "Lease/Lice", "STAND_FROM": null, "STAND_WITHDRAWN": null, "OS_EASTING": 520625, "OS_NORTHING": "185108", "TRANSIT_NODE_NAME": null, "DATE_UPDATED": "20240430", "OBJECTID": 2212 }, "geometry": { "type": "Point", "coordinates": [ -0.261587947660063, 51.551976642891198 ] } },
{ "type": "Feature", "properties": { "STAND_CODE": "30/200607", "STAND_NAME": "New Barnet Station Stop", "CALMS_NO": "607", "DESCRIPTION": "Station Approach\nNew Barnet EN5 1LP", "AUTHORITY": "Barnet", "AVAILABILITY": null, "CHECKED": null, "OTHER_INFO": "ABM, Vinci & Surface General", "STAND_LENGTH": null, "STAND_STATUS": null, "STAND_FROM": null, "STAND_WITHDRAWN": null, "OS_EASTING": 526464, "OS_NORTHING": "196057", "TRANSIT_NODE_NAME": null, "DATE_UPDATED": "20240430", "OBJECTID": 2213 }, "geometry": { "type": "Point", "coordinates": [ -0.173470828137053, 51.649096169671203 ] } },
{ "type": "Feature", "properties": { "STAND_CODE": "14/200330", "STAND_NAME": "Newbury Park", "CALMS_NO": "330", "DESCRIPTION": "846 Eastern Avenue\nRedbridge\nIlford IG2 7RN", "AUTHORITY": "Redbridge", "AVAILABILITY": null, "CHECKED": null, "OTHER_INFO": "ABM, Vinci & Surface General", "STAND_LENGTH": null, "STAND_STATUS": "Freehold (", "STAND_FROM": null, "STAND_WITHDRAWN": null, "OS_EASTING": 544981, "OS_NORTHING": "188376", "TRANSIT_NODE_NAME": null, "DATE_UPDATED": "20240430", "OBJECTID": 2214 }, "geometry": { "type": "Point", "coordinates": [ 0.090819125390318, 51.575612799359597 ] } },
{ "type": "Feature", "properties": { "STAND_CODE": "17/200673", "STAND_NAME": "Newham General Hospital", "CALMS_NO": "673", "DESCRIPTION": "Newham General Hospital E13 8SL", "AUTHORITY": "Newham", "AVAILABILITY": null, "CHECKED": null, "OTHER_INFO": "Surface General", "STAND_LENGTH": null, "STAND_STATUS": null, "STAND_FROM": null, "STAND_WITHDRAWN": null, "OS_EASTING": 541327, "OS_NORTHING": "182339", "TRANSIT_NODE_NAME": null, "DATE_UPDATED": "20240430", "OBJECTID": 2215 }, "geometry": { "type": "Point", "coordinates": [ 0.035703174576103, 51.522293116890502 ] } },
{ "type": "Feature", "properties": { "STAND_CODE": "30/200390", "STAND_NAME": "North Finchley, Woodhouse Road", "CALMS_NO": "390", "DESCRIPTION": "11 Woodhouse Road\nBarnet N12 0GA", "AUTHORITY": "Barnet", "AVAILABILITY": null, "CHECKED": null, "OTHER_INFO": "ABM, CCTV, Vinci & Surface General", "STAND_LENGTH": null, "STAND_STATUS": "Freehold (", "STAND_FROM": null, "STAND_WITHDRAWN": null, "OS_EASTING": 526453, "OS_NORTHING": "191968", "TRANSIT_NODE_NAME": null, "DATE_UPDATED": "20240430", "OBJECTID": 2216 }, "geometry": { "type": "Point", "coordinates": [ -0.175105369210309, 51.612352020645503 ] } },
{ "type": "Feature", "properties": { "STAND_CODE": "32/200674", "STAND_NAME": "North Middlesex Hospital", "CALMS_NO": "674", "DESCRIPTION": "North Middlesex University Hospital Bull Lane London N18 1XG", "AUTHORITY": "Enfield", "AVAILABILITY": null, "CHECKED": null, "OTHER_INFO": "Surface General", "STAND_LENGTH": null, "STAND_STATUS": null, "STAND_FROM": null, "STAND_WITHDRAWN": null, "OS_EASTING": 533457, "OS_NORTHING": "192122", "TRANSIT_NODE_NAME": null, "DATE_UPDATED": "20240430", "OBJECTID": 2217 }, "geometry": { "type": "Point", "coordinates": [ -0.073953616895907, 51.612119795582302 ] } },
{ "type": "Feature", "properties": { "STAND_CODE": "17/200331", "STAND_NAME": "North Woolwich", "CALMS_NO": "331", "DESCRIPTION": "8 Pier Road\nNewham E16 2JS", "AUTHORITY": "Newham", "AVAILABILITY": null, "CHECKED": null, "OTHER_INFO": "Surface General", "STAND_LENGTH": null, "STAND_STATUS": null, "STAND_FROM": null, "STAND_WITHDRAWN": null, "OS_EASTING": 543148, "OS_NORTHING": "179792", "TRANSIT_NODE_NAME": null, "DATE_UPDATED": "20240430", "OBJECTID": 2218 }, "geometry": { "type": "Point", "coordinates": [ 0.060899184201045, 51.498948128269802 ] } },
{ "type": "Feature", "properties": { "STAND_CODE": "27/200675", "STAND_NAME": "Northfields Station Bus Stand", "CALMS_NO": "675", "DESCRIPTION": "Northfields Station\n270 Northfield Ave (Stand location Redwood Grove W5 4TN", "AUTHORITY": "Ealing", "AVAILABILITY": null, "CHECKED": null, "OTHER_INFO": "Surface General", "STAND_LENGTH": null, "STAND_STATUS": null, "STAND_FROM": null, "STAND_WITHDRAWN": null, "OS_EASTING": 517112, "OS_NORTHING": "179095", "TRANSIT_NODE_NAME": null, "DATE_UPDATED": "20240430", "OBJECTID": 2219 }, "geometry": { "type": "Point", "coordinates": [ -0.314230900017832, 51.498672630217001 ] } },
{ "type": "Feature", "properties": { "STAND_CODE": "28/200392", "STAND_NAME": "Northwick Park Hospital", "CALMS_NO": "392", "DESCRIPTION": "Northwick Park\nWatford Road\nBrent HA1 3UJ", "AUTHORITY": "Brent", "AVAILABILITY": null, "CHECKED": null, "OTHER_INFO": "ABM & Surface General", "STAND_LENGTH": null, "STAND_STATUS": null, "STAND_FROM": null, "STAND_WITHDRAWN": null, "OS_EASTING": 516205, "OS_NORTHING": "187681", "TRANSIT_NODE_NAME": null, "DATE_UPDATED": "20240430", "OBJECTID": 2220 }, "geometry": { "type": "Point", "coordinates": [ -0.32445970535895, 51.576028077634298 ] } },
{ "type": "Feature", "properties": { "STAND_CODE": "28/200676", "STAND_NAME": "Northwick Park Station", "CALMS_NO": "676", "DESCRIPTION": "49-51 Northwick Ave\nHarrow HA3 0AS", "AUTHORITY": "Brent", "AVAILABILITY": null, "CHECKED": null, "OTHER_INFO": "Surface General", "STAND_LENGTH": null, "STAND_STATUS": null, "STAND_FROM": null, "STAND_WITHDRAWN": null, "OS_EASTING": 516653, "OS_NORTHING": "188035", "TRANSIT_NODE_NAME": null, "DATE_UPDATED": "20240430", "OBJECTID": 2221 }, "geometry": { "type": "Point", "coordinates": [ -0.31788011615644, 51.579117282320503 ] } },
{ "type": "Feature", "properties": { "STAND_CODE": "26/200393", "STAND_NAME": "Northwood Station", "CALMS_NO": "393", "DESCRIPTION": "Station Approach\nNorthwood\nHillingdon HA6 2XL", "AUTHORITY": "Hillingdon", "AVAILABILITY": null, "CHECKED": null, "OTHER_INFO": "Surface General", "STAND_LENGTH": null, "STAND_STATUS": null, "STAND_FROM": null, "STAND_WITHDRAWN": null, "OS_EASTING": 509254, "OS_NORTHING": "191423", "TRANSIT_NODE_NAME": null, "DATE_UPDATED": "20240430", "OBJECTID": 2222 }, "geometry": { "type": "Point", "coordinates": [ -0.423562114891261, 51.611050901948097 ] } },
{ "type": "Feature", "properties": { "STAND_CODE": "26/200713", "STAND_NAME": "Northwood, St Vincents Nursing Home", "CALMS_NO": "713", "DESCRIPTION": "Wiltshire Lane Eastcote\nPinner Middlesex (adj to 47 Aspen Grove HA5 2NB on the left) HA5 2LG", "AUTHORITY": "Hillingdon", "AVAILABILITY": null, "CHECKED": null, "OTHER_INFO": "Surface General", "STAND_LENGTH": null, "STAND_STATUS": null, "STAND_FROM": null, "STAND_WITHDRAWN": null, "OS_EASTING": 509595, "OS_NORTHING": "189696", "TRANSIT_NODE_NAME": null, "DATE_UPDATED": "20240430", "OBJECTID": 2223 }, "geometry": { "type": "Point", "coordinates": [ -0.419178854366036, 51.5954619527609 ] } },
{ "type": "Feature", "properties": { "STAND_CODE": "32/200333", "STAND_NAME": "Oakwood Station", "CALMS_NO": "333", "DESCRIPTION": "123 Bramley Road\nEnfield N14 4UT", "AUTHORITY": "Enfield", "AVAILABILITY": null, "CHECKED": null, "OTHER_INFO": "ABM, Vinci & Surface General", "STAND_LENGTH": null, "STAND_STATUS": "Lease/Lice", "STAND_FROM": null, "STAND_WITHDRAWN": null, "OS_EASTING": 529316, "OS_NORTHING": "195945", "TRANSIT_NODE_NAME": null, "DATE_UPDATED": "20240430", "OBJECTID": 2224 }, "geometry": { "type": "Point", "coordinates": [ -0.132312354060505, 51.647441444829298 ] } },
{ "type": "Feature", "properties": { "STAND_CODE": "19/200264", "STAND_NAME": "Orpington Station", "CALMS_NO": "264", "DESCRIPTION": "Station Approach\nOrpington\nBromley BR6 0SX", "AUTHORITY": "Bromley", "AVAILABILITY": null, "CHECKED": null, "OTHER_INFO": "ABM, CCTV, Equans, Vinci & Surface General", "STAND_LENGTH": null, "STAND_STATUS": "Freehold (", "STAND_FROM": null, "STAND_WITHDRAWN": null, "OS_EASTING": 545536, "OS_NORTHING": "165914", "TRANSIT_NODE_NAME": null, "DATE_UPDATED": "20240430", "OBJECTID": 2225 }, "geometry": { "type": "Point", "coordinates": [ 0.089577937196221, 51.373637639438201 ] } },
{ "type": "Feature", "properties": { "STAND_CODE": "25/200394", "STAND_NAME": "Osterley Tesco", "CALMS_NO": "394", "DESCRIPTION": "Gillette Corner Tesco Stop L\nIsleworth\nHounslow TW7 5NZ", "AUTHORITY": "Hounslow", "AVAILABILITY": null, "CHECKED": null, "OTHER_INFO": "ABM, Vinci & Surface General", "STAND_LENGTH": null, "STAND_STATUS": "Lease/Lice", "STAND_FROM": null, "STAND_WITHDRAWN": null, "OS_EASTING": 516121, "OS_NORTHING": "177643", "TRANSIT_NODE_NAME": null, "DATE_UPDATED": "20240430", "OBJECTID": 2226 }, "geometry": { "type": "Point", "coordinates": [ -0.328978501596999, 51.485826391808303 ] } },
{ "type": "Feature", "properties": { "STAND_CODE": "27/200677", "STAND_NAME": "Park Royal Asda", "CALMS_NO": "677", "DESCRIPTION": "2-20 Western Rd Park Royal\nLondon NW10 7LW", "AUTHORITY": "Ealing", "AVAILABILITY": null, "CHECKED": null, "OTHER_INFO": "Surface General", "STAND_LENGTH": null, "STAND_STATUS": null, "STAND_FROM": null, "STAND_WITHDRAWN": null, "OS_EASTING": 520122, "OS_NORTHING": "182440", "TRANSIT_NODE_NAME": null, "DATE_UPDATED": "20240430", "OBJECTID": 2227 }, "geometry": { "type": "Point", "coordinates": [ -0.269749433938285, 51.5281051876308 ] } },
{ "type": "Feature", "properties": { "STAND_CODE": "28/200678", "STAND_NAME": "Park Royal Central Middlesex Hospital", "CALMS_NO": "678", "DESCRIPTION": "Acton Lane\nPark Royal\nLondon Central Middlesex Hospital Acton Lane London NW10 7NS", "AUTHORITY": "Brent", "AVAILABILITY": null, "CHECKED": null, "OTHER_INFO": "Surface General", "STAND_LENGTH": null, "STAND_STATUS": null, "STAND_FROM": null, "STAND_WITHDRAWN": null, "OS_EASTING": 520185, "OS_NORTHING": "182728", "TRANSIT_NODE_NAME": null, "DATE_UPDATED": "20240430", "OBJECTID": 2228 }, "geometry": { "type": "Point", "coordinates": [ -0.268743464363648, 51.530680198609303 ] } },
{ "type": "Feature", "properties": { "STAND_CODE": "02/200608", "STAND_NAME": "Parliament Hill Camden", "CALMS_NO": "608", "DESCRIPTION": "170 Highgate Road\nLondon NW5 1EJ", "AUTHORITY": "Camden", "AVAILABILITY": null, "CHECKED": null, "OTHER_INFO": "Surface General", "STAND_LENGTH": null, "STAND_STATUS": null, "STAND_FROM": null, "STAND_WITHDRAWN": null, "OS_EASTING": 528411, "OS_NORTHING": "186089", "TRANSIT_NODE_NAME": null, "DATE_UPDATED": "20240430", "OBJECTID": 2229 }, "geometry": { "type": "Point", "coordinates": [ -0.14899123300043, 51.559076491491901 ] } },
{ "type": "Feature", "properties": { "STAND_CODE": "32/200731", "STAND_NAME": "Pckts Lock Odeon", "CALMS_NO": "731", "DESCRIPTION": "Pckts Lock Odeon N9 0AR", "AUTHORITY": "Enfield", "AVAILABILITY": null, "CHECKED": null, "OTHER_INFO": "ABM & Surface General", "STAND_LENGTH": null, "STAND_STATUS": null, "STAND_FROM": null, "STAND_WITHDRAWN": null, "OS_EASTING": 535931, "OS_NORTHING": "194504", "TRANSIT_NODE_NAME": null, "DATE_UPDATED": "20240430", "OBJECTID": 2230 }, "geometry": { "type": "Point", "coordinates": [ -0.037321665442869, 51.6329326486673 ] } },
{ "type": "Feature", "properties": { "STAND_CODE": "08/200266", "STAND_NAME": "Peckham", "CALMS_NO": "266", "DESCRIPTION": "Bull Yard\nPeckham\nSouthwark SE15 5SF", "AUTHORITY": "Southwark", "AVAILABILITY": null, "CHECKED": null, "OTHER_INFO": "ABM, CCTV, Equans, Vinci & Surface General", "STAND_LENGTH": null, "STAND_STATUS": "Freehold (", "STAND_FROM": null, "STAND_WITHDRAWN": null, "OS_EASTING": 534331, "OS_NORTHING": "176755", "TRANSIT_NODE_NAME": null, "DATE_UPDATED": "20240430", "OBJECTID": 2231 }, "geometry": { "type": "Point", "coordinates": [ -0.067198380580636, 51.473818896677798 ] } },
{ "type": "Feature", "properties": { "STAND_CODE": "27/200395", "STAND_NAME": "Perivale Tesco", "CALMS_NO": "395", "DESCRIPTION": "Western Avenue\nPerivale\nealing UB6 8DF", "AUTHORITY": "Ealing", "AVAILABILITY": null, "CHECKED": null, "OTHER_INFO": "ABM, Vinci & Surface General", "STAND_LENGTH": null, "STAND_STATUS": "Lease/Lice", "STAND_FROM": null, "STAND_WITHDRAWN": null, "OS_EASTING": 516671, "OS_NORTHING": "183069", "TRANSIT_NODE_NAME": null, "DATE_UPDATED": "20240430", "OBJECTID": 2232 }, "geometry": { "type": "Point", "coordinates": [ -0.319266122894267, 51.534480845264902 ] } },
{ "type": "Feature", "properties": { "STAND_CODE": "30/200609", "STAND_NAME": "Potters Bar Station", "CALMS_NO": "609", "DESCRIPTION": "33 Darkes Lane (opp The Walk)\nPotters Bar EN6 1AN", "AUTHORITY": "Barnet", "AVAILABILITY": null, "CHECKED": null, "OTHER_INFO": "Surface General", "STAND_LENGTH": null, "STAND_STATUS": null, "STAND_FROM": null, "STAND_WITHDRAWN": null, "OS_EASTING": 525058, "OS_NORTHING": "201413", "TRANSIT_NODE_NAME": null, "DATE_UPDATED": "20240430", "OBJECTID": 2233 }, "geometry": { "type": "Point", "coordinates": [ -0.19186806782929, 51.697544177752398 ] } },
{ "type": "Feature", "properties": { "STAND_CODE": "17/200334", "STAND_NAME": "Prince Regent", "CALMS_NO": "334", "DESCRIPTION": "388 Prince Regent Lane\nNewham E16 3HS", "AUTHORITY": "Newham", "AVAILABILITY": null, "CHECKED": null, "OTHER_INFO": "ABM, CCTV, Vinci & Surface General", "STAND_LENGTH": null, "STAND_STATUS": "Freehold (", "STAND_FROM": null, "STAND_WITHDRAWN": null, "OS_EASTING": 541326, "OS_NORTHING": "180916", "TRANSIT_NODE_NAME": null, "DATE_UPDATED": "20240430", "OBJECTID": 2234 }, "geometry": { "type": "Point", "coordinates": [ 0.035118684487528, 51.5095063615871 ] } },
{ "type": "Feature", "properties": { "STAND_CODE": "19/200680", "STAND_NAME": "Princess Royal Hospital", "CALMS_NO": "680", "DESCRIPTION": "off Farborough Common BR6 8ND", "AUTHORITY": "Bromley", "AVAILABILITY": null, "CHECKED": null, "OTHER_INFO": "Surface General", "STAND_LENGTH": null, "STAND_STATUS": null, "STAND_FROM": null, "STAND_WITHDRAWN": null, "OS_EASTING": 543534, "OS_NORTHING": "165015", "TRANSIT_NODE_NAME": null, "DATE_UPDATED": "20240430", "OBJECTID": 2235 }, "geometry": { "type": "Point", "coordinates": [ 0.060473126076183, 51.3660686438024 ] } },
{ "type": "Feature", "properties": { "STAND_CODE": "20/200740", "STAND_NAME": "Purley", "CALMS_NO": "740", "DESCRIPTION": "Purley CR8 4AZ", "AUTHORITY": "Croydon", "AVAILABILITY": null, "CHECKED": null, "OTHER_INFO": "ABM, CCTV & Surface General", "STAND_LENGTH": null, "STAND_STATUS": null, "STAND_FROM": null, "STAND_WITHDRAWN": null, "OS_EASTING": 531411, "OS_NORTHING": "159185", "TRANSIT_NODE_NAME": null, "DATE_UPDATED": "20240430", "OBJECTID": 2236 }, "geometry": { "type": "Point", "coordinates": [ -0.115716281868515, 51.3166048956247 ] } },
{ "type": "Feature", "properties": { "STAND_CODE": "06/200681", "STAND_NAME": "Queen Elizabeth Hospital", "CALMS_NO": "681", "DESCRIPTION": "Stadium Rd\nLondon SE18 4QH", "AUTHORITY": "Greenwich", "AVAILABILITY": null, "CHECKED": null, "OTHER_INFO": "ABM & Surface General", "STAND_LENGTH": null, "STAND_STATUS": null, "STAND_FROM": null, "STAND_WITHDRAWN": null, "OS_EASTING": 542600, "OS_NORTHING": "177556", "TRANSIT_NODE_NAME": null, "DATE_UPDATED": "20240430", "OBJECTID": 2237 }, "geometry": { "type": "Point", "coordinates": [ 0.052106962839283, 51.478994397414901 ] } },
{ "type": "Feature", "properties": { "STAND_CODE": "18/200682", "STAND_NAME": "Queen Mary's Hospital", "CALMS_NO": "682", "DESCRIPTION": "Frognal Ave\nSidcup\nKent DA14 6TS", "AUTHORITY": "Bexley", "AVAILABILITY": null, "CHECKED": null, "OTHER_INFO": "Surface General", "STAND_LENGTH": null, "STAND_STATUS": null, "STAND_FROM": null, "STAND_WITHDRAWN": null, "OS_EASTING": 546073, "OS_NORTHING": "171123", "TRANSIT_NODE_NAME": null, "DATE_UPDATED": "20240430", "OBJECTID": 2238 }, "geometry": { "type": "Point", "coordinates": [ 0.099429283185047, 51.4203047352038 ] } },
{ "type": "Feature", "properties": { "STAND_CODE": "14/200336", "STAND_NAME": "Redbridge Station", "CALMS_NO": "336", "DESCRIPTION": "Eastern Ave\nRedbridge\nIlford IG4 5DQ", "AUTHORITY": "Redbridge", "AVAILABILITY": null, "CHECKED": null, "OTHER_INFO": "ABM, Vinci & Surface General", "STAND_LENGTH": null, "STAND_STATUS": "Lease/Lice", "STAND_FROM": null, "STAND_WITHDRAWN": null, "OS_EASTING": 541850, "OS_NORTHING": "188360", "TRANSIT_NODE_NAME": null, "DATE_UPDATED": "20240430", "OBJECTID": 2239 }, "geometry": { "type": "Point", "coordinates": [ 0.045661366921891, 51.576265101729497 ] } },
{ "type": "Feature", "properties": { "STAND_CODE": "20/200683", "STAND_NAME": "Redhill Bus Station", "CALMS_NO": "683", "DESCRIPTION": "Princess Way\nRedhill RH1 1NT", "AUTHORITY": "Croydon", "AVAILABILITY": null, "CHECKED": null, "OTHER_INFO": "ABM, Vinci & Surface General", "STAND_LENGTH": null, "STAND_STATUS": null, "STAND_FROM": null, "STAND_WITHDRAWN": null, "OS_EASTING": 528138, "OS_NORTHING": "150697", "TRANSIT_NODE_NAME": null, "DATE_UPDATED": "20240430", "OBJECTID": 2240 }, "geometry": { "type": "Point", "coordinates": [ -0.165696311724161, 51.241067324680401 ] } },
{ "type": "Feature", "properties": { "STAND_CODE": "24/200397", "STAND_NAME": "Richmond, Manor Road", "CALMS_NO": "397", "DESCRIPTION": "Manor Road\nRichmond TW9 2LH", "AUTHORITY": "Richmond Upon Thames", "AVAILABILITY": null, "CHECKED": null, "OTHER_INFO": "ABM, CCTV, Vinci & Surface General", "STAND_LENGTH": null, "STAND_STATUS": "Lease/Lice", "STAND_FROM": null, "STAND_WITHDRAWN": null, "OS_EASTING": 518970, "OS_NORTHING": "175593", "TRANSIT_NODE_NAME": null, "DATE_UPDATED": "20240430", "OBJECTID": 2241 }, "geometry": { "type": "Point", "coordinates": [ -0.288654915633986, 51.466810116159898 ] } },
{ "type": "Feature", "properties": { "STAND_CODE": "24/200398", "STAND_NAME": "Richmond, Wakefield Road", "CALMS_NO": "398", "DESCRIPTION": "Bus Station Wakefield Road\nRichmond TW10 6SD", "AUTHORITY": "Richmond Upon Thames", "AVAILABILITY": null, "CHECKED": null, "OTHER_INFO": "ABM, CCTV, Equans, Vinci & Surface General", "STAND_LENGTH": null, "STAND_STATUS": "Freehold (", "STAND_FROM": null, "STAND_WITHDRAWN": null, "OS_EASTING": 517885, "OS_NORTHING": "174735", "TRANSIT_NODE_NAME": null, "DATE_UPDATED": "20240430", "OBJECTID": 2242 }, "geometry": { "type": "Point", "coordinates": [ -0.304553268732714, 51.459325418282603 ] } },
{ "type": "Feature", "properties": { "STAND_CODE": "14/200319", "STAND_NAME": "Roden Street", "CALMS_NO": "319", "DESCRIPTION": "Roden Street Stop C\nRedbridge\nIlford IG1 2AY", "AUTHORITY": "Redbridge", "AVAILABILITY": null, "CHECKED": null, "OTHER_INFO": "ABM & Surface General", "STAND_LENGTH": null, "STAND_STATUS": null, "STAND_FROM": null, "STAND_WITHDRAWN": null, "OS_EASTING": 543483, "OS_NORTHING": "186274", "TRANSIT_NODE_NAME": null, "DATE_UPDATED": "20240430", "OBJECTID": 2243 }, "geometry": { "type": "Point", "coordinates": [ 0.068359950031126, 51.5571083289868 ] } },
{ "type": "Feature", "properties": { "STAND_CODE": "10/200684", "STAND_NAME": "Roehampton, Queen Mary's Hospital", "CALMS_NO": "684", "DESCRIPTION": "Roehampton\nLondon Greater London SW15 5PN", "AUTHORITY": "Wandsworth", "AVAILABILITY": null, "CHECKED": null, "OTHER_INFO": "Surface General", "STAND_LENGTH": null, "STAND_STATUS": null, "STAND_FROM": null, "STAND_WITHDRAWN": null, "OS_EASTING": 522194, "OS_NORTHING": "174420", "TRANSIT_NODE_NAME": null, "DATE_UPDATED": "20240430", "OBJECTID": 2244 }, "geometry": { "type": "Point", "coordinates": [ -0.242668938084945, 51.455581913149999 ] } },
{ "type": "Feature", "properties": { "STAND_CODE": "15/200337", "STAND_NAME": "Romford Brewery", "CALMS_NO": "337", "DESCRIPTION": "1 The Brewery\nRomford \nHavering RM1 1AU", "AUTHORITY": "Havering", "AVAILABILITY": null, "CHECKED": null, "OTHER_INFO": "ABM, CCTV, Equans, Vinci & Surface General", "STAND_LENGTH": null, "STAND_STATUS": "Freehold (", "STAND_FROM": null, "STAND_WITHDRAWN": null, "OS_EASTING": 551074, "OS_NORTHING": "188589", "TRANSIT_NODE_NAME": null, "DATE_UPDATED": "20240430", "OBJECTID": 2245 }, "geometry": { "type": "Point", "coordinates": [ 0.178770938368224, 51.575929244728698 ] } },
{ "type": "Feature", "properties": { "STAND_CODE": "15/200338", "STAND_NAME": "Romford Queens Hospital", "CALMS_NO": "338", "DESCRIPTION": "Rom Valley Way\nRomford\nHavering RM7 0AE", "AUTHORITY": "Havering", "AVAILABILITY": null, "CHECKED": null, "OTHER_INFO": "ABM, CCTV, Equans, Vinci & Surface General", "STAND_LENGTH": null, "STAND_STATUS": "Freehold (", "STAND_FROM": null, "STAND_WITHDRAWN": null, "OS_EASTING": 551258, "OS_NORTHING": "187781", "TRANSIT_NODE_NAME": null, "DATE_UPDATED": "20240430", "OBJECTID": 2246 }, "geometry": { "type": "Point", "coordinates": [ 0.181076847948346, 51.568620076102299 ] } },
{ "type": "Feature", "properties": { "STAND_CODE": "15/200339", "STAND_NAME": "Romford, Atlanta Boulevard", "CALMS_NO": "339", "DESCRIPTION": "Alanta Boulevard\nHavering RM1 1TB", "AUTHORITY": "Havering", "AVAILABILITY": null, "CHECKED": null, "OTHER_INFO": "ABM, CCTV, Equans, Vinci & Surface General", "STAND_LENGTH": null, "STAND_STATUS": "Freehold (", "STAND_FROM": null, "STAND_WITHDRAWN": null, "OS_EASTING": 551309, "OS_NORTHING": "188385", "TRANSIT_NODE_NAME": null, "DATE_UPDATED": "20240430", "OBJECTID": 2247 }, "geometry": { "type": "Point", "coordinates": [ 0.18207183147324, 51.574033362633003 ] } },
{ "type": "Feature", "properties": { "STAND_CODE": "15/200342", "STAND_NAME": "Romford, St Edwards Way", "CALMS_NO": "342", "DESCRIPTION": "2A St Edwards Way\nHavering RM1 4DD", "AUTHORITY": "Havering", "AVAILABILITY": null, "CHECKED": null, "OTHER_INFO": "ABM, Vinci & Surface General", "STAND_LENGTH": null, "STAND_STATUS": "Freehold (", "STAND_FROM": null, "STAND_WITHDRAWN": null, "OS_EASTING": 551159, "OS_NORTHING": "189101", "TRANSIT_NODE_NAME": null, "DATE_UPDATED": "20240430", "OBJECTID": 2248 }, "geometry": { "type": "Point", "coordinates": [ 0.180216770939972, 51.580506821155801 ] } },
{ "type": "Feature", "properties": { "STAND_CODE": "26/200399", "STAND_NAME": "Ruislip Station", "CALMS_NO": "399", "DESCRIPTION": "Station Approach\nRuislip\nHillingdon HA4 8LF", "AUTHORITY": "Hillingdon", "AVAILABILITY": null, "CHECKED": null, "OTHER_INFO": "ABM, Vinci & Surface General", "STAND_LENGTH": null, "STAND_STATUS": "Freehold (", "STAND_FROM": null, "STAND_WITHDRAWN": null, "OS_EASTING": 509492, "OS_NORTHING": "187117", "TRANSIT_NODE_NAME": null, "DATE_UPDATED": "20240430", "OBJECTID": 2249 }, "geometry": { "type": "Point", "coordinates": [ -0.421468920733967, 51.572301237004602 ] } },
{ "type": "Feature", "properties": { "STAND_CODE": "22/200685", "STAND_NAME": "Sir Cyril Black Way", "CALMS_NO": "685", "DESCRIPTION": "Gladstone Road SW19 1QT", "AUTHORITY": "Merton", "AVAILABILITY": null, "CHECKED": null, "OTHER_INFO": "Surface General", "STAND_LENGTH": null, "STAND_STATUS": null, "STAND_FROM": null, "STAND_WITHDRAWN": null, "OS_EASTING": 525029, "OS_NORTHING": "170399", "TRANSIT_NODE_NAME": null, "DATE_UPDATED": "20240430", "OBJECTID": 2250 }, "geometry": { "type": "Point", "coordinates": [ -0.203304518528044, 51.418825556682499 ] } },
{ "type": "Feature", "properties": { "STAND_CODE": "26/200686", "STAND_NAME": "Slough Bus Station, Wellington St", "CALMS_NO": "686", "DESCRIPTION": "Brunel Bus Station\nBrunel Way off Wellington Street\nSloughBrunel WaySlough SL1 1XL", "AUTHORITY": "Hillingdon", "AVAILABILITY": null, "CHECKED": null, "OTHER_INFO": "Surface General", "STAND_LENGTH": null, "STAND_STATUS": null, "STAND_FROM": null, "STAND_WITHDRAWN": null, "OS_EASTING": 497708, "OS_NORTHING": "180058", "TRANSIT_NODE_NAME": null, "DATE_UPDATED": "20240430", "OBJECTID": 2251 }, "geometry": { "type": "Point", "coordinates": [ -0.593407500065233, 51.511013048492899 ] } },
{ "type": "Feature", "properties": { "STAND_CODE": "29/200401", "STAND_NAME": "South Harrow Station", "CALMS_NO": "401", "DESCRIPTION": "2 Soth Hill Avenue\nSouth Harrow HA2 0DU", "AUTHORITY": "Harrow", "AVAILABILITY": null, "CHECKED": null, "OTHER_INFO": "ABM, Vinci & Surface General", "STAND_LENGTH": null, "STAND_STATUS": "Freehold (", "STAND_FROM": null, "STAND_WITHDRAWN": null, "OS_EASTING": 514319, "OS_NORTHING": "186423", "TRANSIT_NODE_NAME": null, "DATE_UPDATED": "20240430", "OBJECTID": 2252 }, "geometry": { "type": "Point", "coordinates": [ -0.35207324275249, 51.5651064475487 ] } },
{ "type": "Feature", "properties": { "STAND_CODE": "14/200343", "STAND_NAME": "South Woodford", "CALMS_NO": "343", "DESCRIPTION": "Mulberry Way\nRedbridge E18 1ED", "AUTHORITY": "Redbridge", "AVAILABILITY": null, "CHECKED": null, "OTHER_INFO": "ABM & Surface General", "STAND_LENGTH": null, "STAND_STATUS": null, "STAND_FROM": null, "STAND_WITHDRAWN": null, "OS_EASTING": 540626, "OS_NORTHING": "190197", "TRANSIT_NODE_NAME": null, "DATE_UPDATED": "20240430", "OBJECTID": 2253 }, "geometry": { "type": "Point", "coordinates": [ 0.028744828792082, 51.593078206440403 ] } },
{ "type": "Feature", "properties": { "STAND_CODE": "32/200344", "STAND_NAME": "Southgate Station", "CALMS_NO": "344", "DESCRIPTION": "Station Parade and High Street\nEnfield N14 5BH", "AUTHORITY": "Enfield", "AVAILABILITY": null, "CHECKED": null, "OTHER_INFO": "ABM, CCTV, Equans, Vinci & Surface General", "STAND_LENGTH": null, "STAND_STATUS": "Freehold (", "STAND_FROM": null, "STAND_WITHDRAWN": null, "OS_EASTING": 529663, "OS_NORTHING": "194291", "TRANSIT_NODE_NAME": null, "DATE_UPDATED": "20240430", "OBJECTID": 2254 }, "geometry": { "type": "Point", "coordinates": [ -0.127912309256065, 51.632497936052097 ] } },
{ "type": "Feature", "properties": { "STAND_CODE": "10/200687", "STAND_NAME": "St Georges Hospital", "CALMS_NO": "687", "DESCRIPTION": "Cranmer Terrace\ntooting SW17 0QT", "AUTHORITY": "Wandsworth", "AVAILABILITY": null, "CHECKED": null, "OTHER_INFO": "Surface General", "STAND_LENGTH": null, "STAND_STATUS": null, "STAND_FROM": null, "STAND_WITHDRAWN": null, "OS_EASTING": 526915, "OS_NORTHING": "171450", "TRANSIT_NODE_NAME": null, "DATE_UPDATED": "20240430", "OBJECTID": 2255 }, "geometry": { "type": "Point", "coordinates": [ -0.175819787420647, 51.427852661298203 ] } },
{ "type": "Feature", "properties": { "STAND_CODE": "15/200317", "STAND_NAME": "St Georges Hospital (Hornchurch Bus Stan", "CALMS_NO": "317", "DESCRIPTION": "165 Suttons Lane\nHavering\nHornchurch RM12 6RU", "AUTHORITY": "Havering", "AVAILABILITY": null, "CHECKED": null, "OTHER_INFO": "ABM, CCTV, Vinci & Surface General", "STAND_LENGTH": null, "STAND_STATUS": "Freehold (", "STAND_FROM": null, "STAND_WITHDRAWN": null, "OS_EASTING": 553728, "OS_NORTHING": "185263", "TRANSIT_NODE_NAME": null, "DATE_UPDATED": "20240430", "OBJECTID": 2256 }, "geometry": { "type": "Point", "coordinates": [ 0.215587392502463, 51.545328723609899 ] } },
{ "type": "Feature", "properties": { "STAND_CODE": "29/200699", "STAND_NAME": "St Vincents Nursing Home Northwood Hosp", "CALMS_NO": "699", "DESCRIPTION": "Wiltshire Lane Eastcote, Pinner Middlesex (adjacent to 47 Aspen Grove HA5 2NB on the left) HA5 2LG", "AUTHORITY": "Harrow", "AVAILABILITY": null, "CHECKED": null, "OTHER_INFO": "Surface General", "STAND_LENGTH": null, "STAND_STATUS": null, "STAND_FROM": null, "STAND_WITHDRAWN": null, "OS_EASTING": 509600, "OS_NORTHING": "189691", "TRANSIT_NODE_NAME": null, "DATE_UPDATED": "20240430", "OBJECTID": 2257 }, "geometry": { "type": "Point", "coordinates": [ -0.419108260693954, 51.5954160404928 ] } },
{ "type": "Feature", "properties": { "STAND_CODE": "25/200689", "STAND_NAME": "Staines, Wraysbury Road", "CALMS_NO": "689", "DESCRIPTION": "Wraysbury Road\nStaines TW18 4TZ", "AUTHORITY": "Hounslow", "AVAILABILITY": null, "CHECKED": null, "OTHER_INFO": "Surface General", "STAND_LENGTH": null, "STAND_STATUS": null, "STAND_FROM": null, "STAND_WITHDRAWN": null, "OS_EASTING": 502460, "OS_NORTHING": "172150", "TRANSIT_NODE_NAME": null, "DATE_UPDATED": "20240430", "OBJECTID": 2258 }, "geometry": { "type": "Point", "coordinates": [ -0.527244207728559, 51.439089506840297 ] } },
{ "type": "Feature", "properties": { "STAND_CODE": "29/200402", "STAND_NAME": "Stanmore Station", "CALMS_NO": "402", "DESCRIPTION": "1 London Road\nStandmore\nBarnet HA7 4PD", "AUTHORITY": "Harrow", "AVAILABILITY": null, "CHECKED": null, "OTHER_INFO": "ABM, Vinci & Surface General", "STAND_LENGTH": null, "STAND_STATUS": "Freehold (", "STAND_FROM": null, "STAND_WITHDRAWN": null, "OS_EASTING": 517568, "OS_NORTHING": "192581", "TRANSIT_NODE_NAME": null, "DATE_UPDATED": "20240430", "OBJECTID": 2259 }, "geometry": { "type": "Point", "coordinates": [ -0.30315802621532, 51.6197849729799 ] } },
{ "type": "Feature", "properties": { "STAND_CODE": "04/200345", "STAND_NAME": "Stoke Newington Common", "CALMS_NO": "345", "DESCRIPTION": "1 Stoke Newington Common\nHackney N16 7ET", "AUTHORITY": "Hackney", "AVAILABILITY": null, "CHECKED": null, "OTHER_INFO": "ABM, CCTV, Equans, Vinci & Surface General", "STAND_LENGTH": null, "STAND_STATUS": "Freehold (", "STAND_FROM": null, "STAND_WITHDRAWN": null, "OS_EASTING": 533862, "OS_NORTHING": "186442", "TRANSIT_NODE_NAME": null, "DATE_UPDATED": "20240430", "OBJECTID": 2260 }, "geometry": { "type": "Point", "coordinates": [ -0.070270899258958, 51.560981646628903 ] } },
{ "type": "Feature", "properties": { "STAND_CODE": "17/200347", "STAND_NAME": "Stratford City Bus Station", "CALMS_NO": "347", "DESCRIPTION": "Monitfichet Road\nNewham E15 1AZ", "AUTHORITY": "Newham", "AVAILABILITY": null, "CHECKED": null, "OTHER_INFO": "ABM, CCTV, Equans, Vinci & Surface General", "STAND_LENGTH": null, "STAND_STATUS": "Freehold (", "STAND_FROM": null, "STAND_WITHDRAWN": null, "OS_EASTING": 538494, "OS_NORTHING": "184665", "TRANSIT_NODE_NAME": null, "DATE_UPDATED": "20240430", "OBJECTID": 2261 }, "geometry": { "type": "Point", "coordinates": [ -0.004189953402612, 51.543896496202599 ] } },
{ "type": "Feature", "properties": { "STAND_CODE": "17/200348", "STAND_NAME": "Stratford International", "CALMS_NO": "348", "DESCRIPTION": "International Way\nNewham E15 2ER", "AUTHORITY": "Newham", "AVAILABILITY": null, "CHECKED": null, "OTHER_INFO": "ABM, CCTV, Vinci & Surface General", "STAND_LENGTH": null, "STAND_STATUS": "Freehold (", "STAND_FROM": null, "STAND_WITHDRAWN": null, "OS_EASTING": 538020, "OS_NORTHING": "184685", "TRANSIT_NODE_NAME": null, "DATE_UPDATED": "20240430", "OBJECTID": 2262 }, "geometry": { "type": "Point", "coordinates": [ -0.011013058004332, 51.544192207290102 ] } },
{ "type": "Feature", "properties": { "STAND_CODE": "09/200272", "STAND_NAME": "Streatham Interchange", "CALMS_NO": "272", "DESCRIPTION": "382 Streatham High Road\nStreatham\nLambeth SW16 6HP ", "AUTHORITY": "Lambeth", "AVAILABILITY": null, "CHECKED": null, "OTHER_INFO": "ABM, CCTV, Equans, Vinci & Surface General", "STAND_LENGTH": null, "STAND_STATUS": "Freehold (", "STAND_FROM": null, "STAND_WITHDRAWN": null, "OS_EASTING": 530037, "OS_NORTHING": "171240", "TRANSIT_NODE_NAME": null, "DATE_UPDATED": "20240430", "OBJECTID": 2263 }, "geometry": { "type": "Point", "coordinates": [ -0.131014432954111, 51.4252586626612 ] } },
{ "type": "Feature", "properties": { "STAND_CODE": "28/200404", "STAND_NAME": "Sudbury Town Station", "CALMS_NO": "404", "DESCRIPTION": "Station Approach\nWembley\nBrent HA0 2LB", "AUTHORITY": "Brent", "AVAILABILITY": null, "CHECKED": null, "OTHER_INFO": "ABM, Vinci & Surface General", "STAND_LENGTH": null, "STAND_STATUS": "Freehold (", "STAND_FROM": null, "STAND_WITHDRAWN": null, "OS_EASTING": 516894, "OS_NORTHING": "184917", "TRANSIT_NODE_NAME": null, "DATE_UPDATED": "20240430", "OBJECTID": 2264 }, "geometry": { "type": "Point", "coordinates": [ -0.31543917845582, 51.551044061593899 ] } },
{ "type": "Feature", "properties": { "STAND_CODE": "23/200690", "STAND_NAME": "Surbiton Station", "CALMS_NO": "690", "DESCRIPTION": "6 Victoria Road\nSurbiton KT6 4PE", "AUTHORITY": "Kingston Upon Thames", "AVAILABILITY": null, "CHECKED": null, "OTHER_INFO": "Surface General", "STAND_LENGTH": null, "STAND_STATUS": null, "STAND_FROM": null, "STAND_WITHDRAWN": null, "OS_EASTING": 518023, "OS_NORTHING": "167347", "TRANSIT_NODE_NAME": null, "DATE_UPDATED": "20240430", "OBJECTID": 2265 }, "geometry": { "type": "Point", "coordinates": [ -0.305026626649279, 51.392895493927803 ] } },
{ "type": "Feature", "properties": { "STAND_CODE": "08/200691", "STAND_NAME": "Surrey Quays Shopping Centre", "CALMS_NO": "691", "DESCRIPTION": "Deal Porters Way SE16 7LL", "AUTHORITY": "Southwark", "AVAILABILITY": null, "CHECKED": null, "OTHER_INFO": "Surface General", "STAND_LENGTH": null, "STAND_STATUS": null, "STAND_FROM": null, "STAND_WITHDRAWN": null, "OS_EASTING": 535748, "OS_NORTHING": "179038", "TRANSIT_NODE_NAME": null, "DATE_UPDATED": "20240430", "OBJECTID": 2266 }, "geometry": { "type": "Point", "coordinates": [ -0.04593100648138, 51.493996912007098 ] } },
{ "type": "Feature", "properties": { "STAND_CODE": "07/200692", "STAND_NAME": "Sydenham Sainsburys Savacentre", "CALMS_NO": "692", "DESCRIPTION": "Bell Green Lane\nSydenham SE26 4PU", "AUTHORITY": "Lewisham", "AVAILABILITY": null, "CHECKED": null, "OTHER_INFO": "Surface General", "STAND_LENGTH": null, "STAND_STATUS": null, "STAND_FROM": null, "STAND_WITHDRAWN": null, "OS_EASTING": 536745, "OS_NORTHING": "171962", "TRANSIT_NODE_NAME": null, "DATE_UPDATED": "20240430", "OBJECTID": 2267 }, "geometry": { "type": "Point", "coordinates": [ -0.034312928161147, 51.430168878239101 ] } },
{ "type": "Feature", "properties": { "STAND_CODE": "31/200349", "STAND_NAME": "Tottenham Hale", "CALMS_NO": "349", "DESCRIPTION": "Ferry Lane\nHaringey N17 9FR", "AUTHORITY": "Haringey", "AVAILABILITY": null, "CHECKED": null, "OTHER_INFO": "ABM, CCTV, Equans, Vinci & Surface General", "STAND_LENGTH": null, "STAND_STATUS": "Freehold (", "STAND_FROM": null, "STAND_WITHDRAWN": null, "OS_EASTING": 534501, "OS_NORTHING": "189509", "TRANSIT_NODE_NAME": null, "DATE_UPDATED": "20240430", "OBJECTID": 2268 }, "geometry": { "type": "Point", "coordinates": [ -0.059886045050462, 51.5883905487185 ] } },
{ "type": "Feature", "properties": { "STAND_CODE": "30/200693", "STAND_NAME": "Totteridge & Whetstone Station", "CALMS_NO": "693", "DESCRIPTION": "Totteridge Lane\nLondon 1 Allum Way London N20 9QP", "AUTHORITY": "Barnet", "AVAILABILITY": null, "CHECKED": null, "OTHER_INFO": "Surface General", "STAND_LENGTH": null, "STAND_STATUS": null, "STAND_FROM": null, "STAND_WITHDRAWN": null, "OS_EASTING": 526141, "OS_NORTHING": "194066", "TRANSIT_NODE_NAME": null, "DATE_UPDATED": "20240430", "OBJECTID": 2269 }, "geometry": { "type": "Point", "coordinates": [ -0.178854098468272, 51.6312760639617 ] } },
{ "type": "Feature", "properties": { "STAND_CODE": "24/200694", "STAND_NAME": "Twickenham Station", "CALMS_NO": "694", "DESCRIPTION": "115A London Rd\nTwickenham\nMiddlesex TW1 1EE", "AUTHORITY": "Richmond Upon Thames", "AVAILABILITY": null, "CHECKED": null, "OTHER_INFO": "Surface General", "STAND_LENGTH": null, "STAND_STATUS": null, "STAND_FROM": null, "STAND_WITHDRAWN": null, "OS_EASTING": 516030, "OS_NORTHING": "173772", "TRANSIT_NODE_NAME": null, "DATE_UPDATED": "20240430", "OBJECTID": 2270 }, "geometry": { "type": "Point", "coordinates": [ -0.331557788723689, 51.4510531041742 ] } },
{ "type": "Feature", "properties": { "STAND_CODE": "25/200406", "STAND_NAME": "Twickenham Tesco", "CALMS_NO": "406", "DESCRIPTION": "Twickenham Tesco Stop E\nIsleworth\nHounslow TW7 7LW", "AUTHORITY": "Hounslow", "AVAILABILITY": null, "CHECKED": null, "OTHER_INFO": "Surface General", "STAND_LENGTH": null, "STAND_STATUS": null, "STAND_FROM": null, "STAND_WITHDRAWN": null, "OS_EASTING": 515452, "OS_NORTHING": "174636", "TRANSIT_NODE_NAME": null, "DATE_UPDATED": "20240430", "OBJECTID": 2271 }, "geometry": { "type": "Point", "coordinates": [ -0.339590525618901, 51.458936590383402 ] } },
{ "type": "Feature", "properties": { "STAND_CODE": "24/200405", "STAND_NAME": "Twickenham, Station Yard (Albany)", "CALMS_NO": "405", "DESCRIPTION": "Station Yard\nTwickenham\nRichmond TW1 4LJ", "AUTHORITY": "Richmond Upon Thames", "AVAILABILITY": null, "CHECKED": null, "OTHER_INFO": "ABM, Vinci & Surface General", "STAND_LENGTH": null, "STAND_STATUS": "Freehold (", "STAND_FROM": null, "STAND_WITHDRAWN": null, "OS_EASTING": 516008, "OS_NORTHING": "173564", "TRANSIT_NODE_NAME": null, "DATE_UPDATED": "20240430", "OBJECTID": 2272 }, "geometry": { "type": "Point", "coordinates": [ -0.331942435879533, 51.449188173881303 ] } },
{ "type": "Feature", "properties": { "STAND_CODE": "15/200352", "STAND_NAME": "Upminster", "CALMS_NO": "352", "DESCRIPTION": "Station Approach\nHavering RM14 2TD", "AUTHORITY": "Havering", "AVAILABILITY": null, "CHECKED": null, "OTHER_INFO": "ABM & Surface General", "STAND_LENGTH": null, "STAND_STATUS": "Lease/Lice", "STAND_FROM": null, "STAND_WITHDRAWN": null, "OS_EASTING": 556176, "OS_NORTHING": "186826", "TRANSIT_NODE_NAME": null, "DATE_UPDATED": "20240430", "OBJECTID": 2273 }, "geometry": { "type": "Point", "coordinates": [ 0.251555079274403, 51.558700044202901 ] } },
{ "type": "Feature", "properties": { "STAND_CODE": "26/200407", "STAND_NAME": "Uxbridge", "CALMS_NO": "407", "DESCRIPTION": "1 Bakers Road\nUxbridge\nHillingdon UB8 1RG", "AUTHORITY": "Hillingdon", "AVAILABILITY": null, "CHECKED": null, "OTHER_INFO": "ABM, CCTV, Equans, Vinci & Surface General", "STAND_LENGTH": null, "STAND_STATUS": "Freehold (", "STAND_FROM": null, "STAND_WITHDRAWN": null, "OS_EASTING": 505681, "OS_NORTHING": "184248", "TRANSIT_NODE_NAME": null, "DATE_UPDATED": "20240430", "OBJECTID": 2274 }, "geometry": { "type": "Point", "coordinates": [ -0.477299526897957, 51.547240684302203 ] } },
{ "type": "Feature", "properties": { "STAND_CODE": "13/200695", "STAND_NAME": "Walthamstow Avenue, Sainsbury", "CALMS_NO": "695", "DESCRIPTION": "Walthamstow Avenue\nSainsbury E4 8ST", "AUTHORITY": "Waltham Forest", "AVAILABILITY": null, "CHECKED": null, "OTHER_INFO": "Surface General", "STAND_LENGTH": null, "STAND_STATUS": null, "STAND_FROM": null, "STAND_WITHDRAWN": null, "OS_EASTING": 537174, "OS_NORTHING": "191284", "TRANSIT_NODE_NAME": null, "DATE_UPDATED": "20240430", "OBJECTID": 2275 }, "geometry": { "type": "Point", "coordinates": [ -0.020632227176865, 51.603696402198501 ] } },
{ "type": "Feature", "properties": { "STAND_CODE": "13/200356", "STAND_NAME": "Walthamstow, Courtenay Mews", "CALMS_NO": "356", "DESCRIPTION": "Courtenay Mews\nWaltham Forest E17 7PP", "AUTHORITY": "Waltham Forest", "AVAILABILITY": null, "CHECKED": null, "OTHER_INFO": "ABM, Vinci & Surface General", "STAND_LENGTH": null, "STAND_STATUS": "Lease/Lice", "STAND_FROM": null, "STAND_WITHDRAWN": null, "OS_EASTING": 536435, "OS_NORTHING": "188789", "TRANSIT_NODE_NAME": null, "DATE_UPDATED": "20240430", "OBJECTID": 2276 }, "geometry": { "type": "Point", "coordinates": [ -0.032264973741385, 51.581456173384602 ] } },
{ "type": "Feature", "properties": { "STAND_CODE": "09/200282", "STAND_NAME": "Waterloo, Tenison Way", "CALMS_NO": "282", "DESCRIPTION": "Tennison Way\nWaterloo\nLambeth SE1 8SQ", "AUTHORITY": "Lambeth", "AVAILABILITY": null, "CHECKED": null, "OTHER_INFO": "Surface General", "STAND_LENGTH": null, "STAND_STATUS": "Freehold (", "STAND_FROM": null, "STAND_WITHDRAWN": null, "OS_EASTING": 531031, "OS_NORTHING": "180060", "TRANSIT_NODE_NAME": null, "DATE_UPDATED": "20240430", "OBJECTID": 2277 }, "geometry": { "type": "Point", "coordinates": [ -0.113460192376081, 51.504293542307899 ] } },
{ "type": "Feature", "properties": { "STAND_CODE": "29/200612", "STAND_NAME": "Watford Junction Bus", "CALMS_NO": "612", "DESCRIPTION": "Station Road\nWatford\nHertfordshire WD17 1DA WD17 1DA", "AUTHORITY": "Harrow", "AVAILABILITY": null, "CHECKED": null, "OTHER_INFO": "Surface General", "STAND_LENGTH": null, "STAND_STATUS": null, "STAND_FROM": null, "STAND_WITHDRAWN": null, "OS_EASTING": 510995, "OS_NORTHING": "197266", "TRANSIT_NODE_NAME": null, "DATE_UPDATED": "20240430", "OBJECTID": 2278 }, "geometry": { "type": "Point", "coordinates": [ -0.396576786703083, 51.663228028365303 ] } },
{ "type": "Feature", "properties": { "STAND_CODE": "11/200409", "STAND_NAME": "West Brompton, Lillie Road", "CALMS_NO": "409", "DESCRIPTION": "Lillie Bridge\nLillie Road\nHammersmith SW6 1TS", "AUTHORITY": "Hammersmith & Fulham", "AVAILABILITY": null, "CHECKED": null, "OTHER_INFO": "ABM, CCTV, Equans, Vinci & Surface General", "STAND_LENGTH": null, "STAND_STATUS": "Lease/Lice", "STAND_FROM": null, "STAND_WITHDRAWN": null, "OS_EASTING": 525212, "OS_NORTHING": "177973", "TRANSIT_NODE_NAME": null, "DATE_UPDATED": "20240430", "OBJECTID": 2279 }, "geometry": { "type": "Point", "coordinates": [ -0.197996690830981, 51.486855119447597 ] } },
{ "type": "Feature", "properties": { "STAND_CODE": "26/200613", "STAND_NAME": "West Drayton Station", "CALMS_NO": "613", "DESCRIPTION": "3 Station Approach\nHillingdon UB7 9DY", "AUTHORITY": "Hillingdon", "AVAILABILITY": null, "CHECKED": null, "OTHER_INFO": "Surface General", "STAND_LENGTH": null, "STAND_STATUS": null, "STAND_FROM": null, "STAND_WITHDRAWN": null, "OS_EASTING": 506067, "OS_NORTHING": "180134", "TRANSIT_NODE_NAME": null, "DATE_UPDATED": "20240430", "OBJECTID": 2280 }, "geometry": { "type": "Point", "coordinates": [ -0.472972955403641, 51.510190421578301 ] } },
{ "type": "Feature", "properties": { "STAND_CODE": "25/200696", "STAND_NAME": "West Middlesex Hospital ", "CALMS_NO": "696", "DESCRIPTION": "Twickenham House\nTwickenham Rd\nIsleworth TW7 6AF", "AUTHORITY": "Hounslow", "AVAILABILITY": null, "CHECKED": null, "OTHER_INFO": "Surface General", "STAND_LENGTH": null, "STAND_STATUS": null, "STAND_FROM": null, "STAND_WITHDRAWN": null, "OS_EASTING": 516407, "OS_NORTHING": "176333", "TRANSIT_NODE_NAME": null, "DATE_UPDATED": "20240430", "OBJECTID": 2281 }, "geometry": { "type": "Point", "coordinates": [ -0.325292491251147, 51.473993533350502 ] } },
{ "type": "Feature", "properties": { "STAND_CODE": "11/200410", "STAND_NAME": "White City Bus Layover", "CALMS_NO": "410", "DESCRIPTION": "Ariel Way W12 7SQ", "AUTHORITY": "Hammersmith & Fulham", "AVAILABILITY": null, "CHECKED": null, "OTHER_INFO": "ABM, Equans, Vinci & Surface General, CCTV", "STAND_LENGTH": null, "STAND_STATUS": "TBC", "STAND_FROM": null, "STAND_WITHDRAWN": null, "OS_EASTING": 523412, "OS_NORTHING": "180349", "TRANSIT_NODE_NAME": null, "DATE_UPDATED": "20240430", "OBJECTID": 2282 }, "geometry": { "type": "Point", "coordinates": [ -0.223077550391234, 51.508604274358099 ] } },
{ "type": "Feature", "properties": { "STAND_CODE": "23/200697", "STAND_NAME": "Worcester Park Station", "CALMS_NO": "697", "DESCRIPTION": "3 Station Approach\nWorchester KT4 7NB", "AUTHORITY": "Kingston Upon Thames", "AVAILABILITY": null, "CHECKED": null, "OTHER_INFO": "Surface General", "STAND_LENGTH": null, "STAND_STATUS": null, "STAND_FROM": null, "STAND_WITHDRAWN": null, "OS_EASTING": 522182, "OS_NORTHING": "166150", "TRANSIT_NODE_NAME": null, "DATE_UPDATED": "20240430", "OBJECTID": 2283 }, "geometry": { "type": "Point", "coordinates": [ -0.245689102004472, 51.381257876717498 ] } },
{ "type": "Feature", "properties": { "STAND_CODE": "26/200412", "STAND_NAME": "Yeading, Glencoe Road, Tesco", "CALMS_NO": "412", "DESCRIPTION": "Tesco Yeading Stop E\nHillingdon\nHayes UB4 9SQ", "AUTHORITY": "Hillingdon", "AVAILABILITY": null, "CHECKED": null, "OTHER_INFO": "ABM, Vinci & Surface General", "STAND_LENGTH": null, "STAND_STATUS": "Lease/Lice", "STAND_FROM": null, "STAND_WITHDRAWN": null, "OS_EASTING": 512015, "OS_NORTHING": "181769", "TRANSIT_NODE_NAME": null, "DATE_UPDATED": "20240430", "OBJECTID": 2284 }, "geometry": { "type": "Point", "coordinates": [ -0.386779585443287, 51.523738489822797 ] } }
]
}
